"Event No. *","Internal Event No.","Name *","Description","Event Date","Budget Status","Cost Status","ETC Drawdown","ETC Increase","Markup Exempt","Budget Transfer From","Budget Transfer To","Net Budget Transfer","Budget Days","Budget Change","Budget Markup %","Budget Markup","Total Budget Impact","Preliminary Budget Estimate","Upstream Budget Estimate","Final Budget Estimate","Cost Days","Cost Change","Cost Markup %","Cost Markup","Total Cost Impact","Variance","ETC Change","Preliminary Cost Estimate","Downstream Cost Estimate","Final Cost Estimate","Potential Budget Transfers","Potential Budget Changes","Potential Budget Markup %","Potential Budget Markup","Potential Total Budget Impact","Approved Budget Transfers","Approved Budget Changes","Approved Budget Markup %","Approved Budget Markup","Approved Total Budget Impact","Potential Upstream Contract Change Events","Approved Upstream Contract Change Events","Potential Upstream Contract Changes","Pending Upstream Contract Changes","Proceed Upstream Contract Changes","Approved Upstream Contract Changes","Potential ETC Changes","Approved ETC Changes","Potential Downstream Contract Change Events","Potential Cost Markup %","Potential Cost Markup","Potential Total Cost Impact","Approved Downstream Contract Change Events","Approved Cost Markup %","Approved Cost Markup","Approved Total Cost Impact","Potential Downstream Contract Changes","Pending Downstream Contract Changes","Proceed Downstream Contract Changes","Approved Downstream Contract Changes","Change Event Type","Contract Type","Estimated Extension (Days)","SAP Budget Transfer Status","Transfer to Control Element","Transfer to Project","OLD AMD NUMBER","SAP BT Document Number"
"[code]","[alternateCode]","[name]","[description]","[eventDate]","[budgetStatus]","[costStatus]","[etcDrawDown]","[etcIncrease]","[markupExempt]","[budgetDetails.budgetTransferFrom]","[budgetDetails.transferAmount]","[budgetDetails.netBudgetTransfer]","[budgetDays]","[budgetDetails.budgetChange]","[budgetDetails.budgetMarkupPercentage]","[budgetDetails.budgetMarkupAmount]","[budgetDetails.totalBudgetImpact]","[estimateDetails.preliminaryBudgetEstimate]","[estimateDetails.upstreamBudgetEstimate]","[estimateDetails.finalBudgetEstimate]","[costDays]","[budgetDetails.costChange]","[budgetDetails.costMarkupPercentage]","[budgetDetails.costMarkupAmount]","[budgetDetails.totalCostImpact]","[budgetDetails.variance]","[budgetDetails.etcChange]","[estimateDetails.preliminaryEstimate]","[estimateDetails.downstreamEstimate]","[estimateDetails.finalEstimate]","[potentialBudgetTransfer]","[potentialBudgetChange]","[potentialBudgetMarkupPercentage]","[potentialBudgetMarkup]","[potentialTotalBudgetImpact]","[approvedBudgetTransfer]","[approvedBudgetChange]","[approvedBudgetMarkupPercentage]","[approvedBudgetMarkup]","[approvedTotalBudgetImpact]","[potentialUpstreamContractChangeEvent]","[approvedUpstreamContractChangeEvent]","[potentialUpstreamContractChanges]","[pendingUpstreamContractChanges]","[proceedUpstreamContractChanges]","[approvedUpstreamContractChanges]","[potentialEtcChange]","[approvedEtcChange]","[potentialContractChangeEvent]","[potentialCostMarkupPercentage]","[potentialCostMarkup]","[potentialTotalCostImpact]","[approvedContractChangeEvent]","[approvedCostMarkupPercentage]","[approvedCostMarkup]","[approvedTotalCostImpact]","[contractDetails.potentialChanges]","[contractDetails.pendingChanges]","[contractDetails.proceedChanges]","[contractDetails.approvedChanges]","[TAG_1613]","[TAG_1606]","[TAG_1603]","[TAG_3280]","[TAG_2842]","[TAG_1614]","[manualFields.OLDAMDNUMBER]","[manualFields.SAP_BT_Doc]"
"013C31-BTR-0002","PR 	1250039","BTR for the uplifted value of the revised PO (031C13) - Supreme Rubber LLC - Supply of Marine Furniture Package","BTR for the uplifted value of the revised PO (031C13) - Supreme Rubber LLC - Supply of Marine Furniture Package

Revised Total PO Value = SAR 488,500.00
Previous approved BTR value = SAR 434,800.00 (Refer 031C13-BTR-0001)

Thus, the variance = 53,700.00 (This BTR)","2025-01-13","APPROVED","APPROVED","N","N","N"," -53700.0","53700.0","0.0","0.0","0.0","0.0","0.0","53700.0","0.0","0.0","0.0","0.0","53700.0","0.0","0.0","53700.0","0.0","53700.0","53700.0","0.0","0.0","0.0","0.0","0.0","0.0","0.0","53700.0","0.0","0.0","0.0","53700.0","0.0","0.0","0.0","0.0","0.0","0.0","0.0","53700.0","0.0","0.0","0.0","0.0","0.0","0.0","0.0","53700.0","0.0","0.0","0.0","0.0","","","","","","","",""
"031C01-BTR-0001","","Budget Transfer from 1TB01031.01.CN.031C01.00 to 1TB01031.01.CN.98","The Final Account for ALS TB Marina Early Contractor Involvement Services (PO 2200340) is already concluded with the Contractor at SAR 4,861,467.00 resulting to +SAR 69,750.00 surplus budget.
Accordingly, this budget transfer is raised for approval to transfer this surplus budget (from 1TB01031.01.CN.031C01.00) to Construction Budget Hold (to 1TB01031.01.CN.98).","2022-09-05","APPROVED","APPROVED","N","N","N"," -69750.0","69750.0","0.0","0.0","0.0","0.0","0.0","69750.0","0.0","0.0","0.0","0.0","69750.0","0.0","0.0","69750.0","0.0","69750.0","69750.0","0.0","0.0","0.0","0.0","0.0","0.0","0.0","69750.0","0.0","0.0","0.0","69750.0","0.0","0.0","0.0","0.0","0.0","0.0","0.0","69750.0","0.0","0.0","0.0","0.0","0.0","0.0","0.0","69750.0","0.0","0.0","0.0","0.0","","","","","","","",""
"031C02-ADJ-0001","Cancelled in Oct'22 due to reconciliation of all PVOs","ACC Rebuild March-2022","Adjustment to align with Finance records  March-2022","2022-03-25","CANCELLED","CANCELLED","Y","N","N"," -0.0","0.0","0.0","0.0","0.0","0.0","0.0","0.0","0.0","0.0","0.0","0.0","2899044.0","0.0","0.0","2899044.0"," -2899044.0","0.0","2899044.0","0.0","0.0","0.0","0.0","0.0","0.0","0.0","0.0","0.0","0.0","0.0","0.0","0.0","0.0","0.0","0.0","0.0","0.0","0.0","0.0","0.0","0.0","0.0","0.0","0.0","0.0","0.0","0.0","0.0","0.0","0.0","0.0","","","","","","","",""
"031C02-BTR-0001","","Budget Transfer from 1TB01031.01.CN.98 to 1TB01031.01.CN.031C02.02","Alsaad
DVO 001 = +SAR 711,934.15,
DVO 004 = +SAR 1,279,572.00,
DVO 005 = +SAR 9,934,922.81,
DVO 006 = +SAR 1,220,429.97,
TOTAL = SAR 13,146,858.93","2022-10-24","APPROVED","APPROVED","N","N","N"," -1.314685893E7","1.314685893E7","0.0","0.0","0.0","0.0","0.0","1.314685893E7","0.0","0.0","0.0","0.0","1.314685893E7","0.0","0.0","1.314685893E7","0.0","1.314685893E7","1.314685893E7","0.0","0.0","0.0","0.0","0.0","0.0","0.0","1.314685893E7","0.0","0.0","0.0","1.314685893E7","0.0","0.0","0.0","0.0","0.0","0.0","0.0","1.314685893E7","0.0","0.0","0.0","0.0","0.0","0.0","0.0","1.314685893E7","0.0","0.0","0.0","0.0","","","","","","","",""
"031C02-BTR-0002","","Budget Transfer from 1TB01031.01.CN.031C02.00 to 1TB01031.01.CN.98","This Budget Transfer is raised for approval to transfer the budget for the “Omission of the Dry Stack- DVO 007/EI-14)” variation to Alsaad’s contract amounting to -SAR 6,014,582.04 (negative).

It is proposed to transfer the budget in the amount of SAR 6,014,582.04 from 1TB01031.01.CN.031C02.00 (ALS Triple Bay Marina Basin Contract – 2200571) to 1TB01031.01.CN.98 (Construction Budget Hold).","2022-11-05","APPROVED","APPROVED","N","N","N"," -6014582.04","6014582.04","0.0","0.0","0.0","0.0","0.0","6014582.04","0.0","0.0","0.0","0.0","6014582.04","0.0","0.0","6014582.04","0.0","6014582.04","6014582.04","0.0","0.0","0.0","0.0","0.0","0.0","0.0","6014582.04","0.0","0.0","0.0","6014582.04","0.0","0.0","0.0","0.0","0.0","0.0","0.0","6014582.04","0.0","0.0","0.0","0.0","0.0","0.0","0.0","6014582.04","0.0","0.0","0.0","0.0","","","","","","","",""
"031C02-BTR-0004","","Budget Transfer for DVO 09 from 1TB01031.01.CN.98 to 1TB01031.01.CN.031C02.02","This Budget Transfer is raised for the approval to transfer budget for approved DVO-09 - ( PART A : Temporary Sea Barrier and working platform by Geo bag and sand reclamation for Red Sea Marine Life Institute(RSMLI) and PART B : Temporary Sea Barrier and access causeway by Geo bag and rock)","2023-05-17","APPROVED","APPROVED","N","N","N"," -1.0855783E7","1.0855783E7","0.0","0.0","0.0","0.0","0.0","1.0855783E7","0.0","0.0","0.0","0.0","1.0855783E7","0.0","0.0","1.0855783E7","0.0","1.0855783E7","1.0855783E7","0.0","0.0","0.0","0.0","0.0","0.0","0.0","1.0855783E7","0.0","0.0","0.0","1.0855783E7","0.0","0.0","0.0","0.0","0.0","0.0","0.0","1.0855783E7","0.0","0.0","0.0","0.0","0.0","0.0","0.0","1.0855783E7","0.0","0.0","0.0","0.0","","","","","","","",""
"031C02-BTR-0005","","Budget Transfer for DVO 012 from 1TB01031.01.CN.98 to 1TB01031.01.CN.031C02.02","This Budget Transfer is raised for the approval to transfer the budget for approved DVO-012 (Pipe Diversion - Dewatering System), as detailed on the attached DVO. The total budget to be transferred for this DVO – 012 is in the amount of SAR 830,182.63 from 1TB01031.01.CN.98 – CN Budget Hold to 1TB01031.01.CN.031C02.02 – ALS – Variations.","2023-08-13","APPROVED","APPROVED","N","N","N"," -830182.63","830182.63","0.0","0.0","0.0","0.0","0.0","830182.63","0.0","0.0","0.0","0.0","830182.63","0.0","0.0","830182.63","0.0","830182.63","830182.63","0.0","0.0","0.0","0.0","0.0","0.0","0.0","830182.63","0.0","0.0","0.0","830182.63","0.0","0.0","0.0","0.0","0.0","0.0","0.0","830182.63","0.0","0.0","0.0","0.0","0.0","0.0","0.0","830182.63","0.0","0.0","0.0","0.0","","","","","","","",""
"031C02-BTR-0006","","Budget Transfer for DVO 011 from 1TB01031.01.CN.98 to 1TB01031.01.CN.031C02.02","This Budget Transfer is raised for the approval to transfer the budget for approved DVO-011 (Additional Running Cost for the Settling Basin - RSMLI), as detailed on the attached DVO. The total budget to be transferred for this DVO – 011 is in the amount of SAR 1,248,574.80 from 1TB01031.01.CN.98 – CN Budget Hold to 1TB01031.01.CN.031C02.02 – ALS – Variations.","2023-08-13","APPROVED","APPROVED","N","N","N"," -1248574.8","1248574.8","0.0","0.0","0.0","0.0","0.0","1248574.8","0.0","0.0","0.0","0.0","1248574.8","0.0","0.0","1248574.8","0.0","1248574.8","1248574.8","0.0","0.0","0.0","0.0","0.0","0.0","0.0","1248574.8","0.0","0.0","0.0","1248574.8","0.0","0.0","0.0","0.0","0.0","0.0","0.0","1248574.8","0.0","0.0","0.0","0.0","0.0","0.0","0.0","1248574.8","0.0","0.0","0.0","0.0","","","","","","","",""
"031C02-BTR-0007","","Budget Transfer for DVO 010 from 1TB01031.01.CN.031C02 to 1TB01031.01.CN.98","This Budget Transfer is raised for the approval to transfer the budget for approved DVO-010 (WSP Additional Working Hours at the TB Marina), as detailed on the attached DVO. 

The total budget to be transferred for this DVO – 010 is in the amount of Negative SAR -94,029.43 from 1TB01031.01.CN.031C02.00 – ALS – to 1TB01031.01.CN.98 – CN Budget Hold.","2023-09-14","APPROVED","APPROVED","N","N","N"," -94029.43","94029.43","0.0","0.0","0.0","0.0","0.0","94029.43","94029.43","0.0","0.0","0.0","94029.43","0.0","0.0","94029.43","0.0","94029.43","94029.43","0.0","94029.43","0.0","0.0","0.0","0.0","0.0","94029.43","0.0","0.0","0.0","94029.43","0.0","0.0","0.0","0.0","0.0","0.0","0.0","94029.43","0.0","0.0","0.0","0.0","0.0","0.0","0.0","94029.43","0.0","0.0","0.0","0.0","","","","","","","",""
"031C02-BTR-0008","","Budget Transfer for DVO 022 from 1TB01031.01.CN.98 to 1TB01031.01.CN.031C02.02","This Budget Transfer is raised for the approval to transfer the budget for approved DVO-022 (Supply and Delivery of Steel Tubular Piles of Diameter OD 850mm, Wall Thickness 20mm, Length 25m, Weld Type (SSAW / LSAW) including Marine grade protective coating - TB The Marina), as detailed on the attached DVO. The total budget to be transferred for this DVO – 022 is in the amount of SAR 11,690,149.91 from 1TB01031.01.CN.98 – CN Budget Hold to TB01031.01.CN.031C02.02 – ALS – Variations.","2023-11-06","APPROVED","APPROVED","N","N","N"," -1.169014991E7","1.169014991E7","0.0","0.0","0.0","0.0","0.0","1.169014991E7","0.0","0.0","0.0","0.0","1.169014991E7","0.0","0.0","1.169014991E7","0.0","1.169014991E7","1.169014991E7","0.0","0.0","0.0","0.0","0.0","0.0","0.0","1.169014991E7","0.0","0.0","0.0","1.169014991E7","0.0","0.0","0.0","0.0","0.0","0.0","0.0","1.169014991E7","0.0","0.0","0.0","0.0","0.0","0.0","0.0","1.169014991E7","0.0","0.0","0.0","0.0","","","","","","","",""
"031C02-BTR-0009","","Budget Transfer for DVO 05A & DVO 05B from 1TB01031.01.CN.98 to 1TB01031.01.CN.031C02.02","This Budget Transfer is raised for the approval to transfer the budget for approved DVO-05A & DVO-05B (Revised alignment of Quay Wall and Shoring Works - TB The Marina and Design and Construction of the Port Cochere), as detailed on the attached DVO. The total budget to be transferred for this DVO – 05A & DVO 05B is in the amount of SAR (9,934,922.81+2,396,767.78)=12,331,690.59 from 1TB01031.01.CN.98 – CN Budget Hold to 1TB01031.01.CN.031C02.02 – ALS – Variations.","2023-11-06","CANCELLED","CANCELLED","N","N","N"," -1.233169059E7","1.233169059E7","0.0","0.0","0.0","0.0","0.0","1.233169059E7","0.0","0.0","0.0","0.0","1.233169059E7","0.0","0.0","1.233169059E7","0.0","1.233169059E7","1.233169059E7","0.0","0.0","0.0","0.0","0.0","0.0","0.0","0.0","0.0","0.0","0.0","0.0","0.0","0.0","0.0","0.0","0.0","0.0","0.0","0.0","0.0","0.0","0.0","0.0","0.0","0.0","0.0","0.0","0.0","0.0","0.0","0.0","","","","","","","",""
"031C02-BTR-0010","","Budget Transfer for DVO 05B from 1TB01031.01.CN.98 to 1TB01031.01.CN.031C02.02","This Budget Transfer is raised for the approval to transfer the budget for approved DVO-05B (Revised Alignment for the Yacht Club Quay Wall - Part B Porte Cochere- TB The Marina), as detailed on the attached DVO. The total budget to be transferred for this DVO – 05A & DVO 05B is in the amount of SAR 2,396,767.78 from 1TB01031.01.CN.98 – CN Budget Hold to 1TB01031.01.CN.031C02.02 – ALS – Variations.","2023-11-23","APPROVED","APPROVED","N","N","N"," -2396767.78","2396767.78","0.0","0.0","0.0","0.0","0.0","2396767.78","0.0","0.0","0.0","0.0","2396767.78","0.0","0.0","2396767.78","0.0","2396767.78","2396767.78","0.0","0.0","0.0","0.0","0.0","0.0","0.0","2396767.78","0.0","0.0","0.0","2396767.78","0.0","0.0","0.0","0.0","0.0","0.0","0.0","2396767.78","0.0","0.0","0.0","0.0","0.0","0.0","0.0","2396767.78","0.0","0.0","0.0","0.0","","","","","","","",""
"031C02-BTR-0011","","Budget Transfer for DVO 015 from 1TB01031.01.CN.98 to 1TB01031.01.CN.031C02.02","This Budget Transfer is raised for the approval to transfer the budget for approved DVO-015 (Relocation of the contractor's site Offices - TB The Marina), as detailed on the attached DVO. The total budget to be transferred for this DVO 015 is in the amount of SAR 924,397.21 from 1TB01031.01.CN.98 – CN Budget Hold to 1TB01031.01.CN.031C02.02 – ALS – Variations.","2023-11-23","APPROVED","APPROVED","N","N","N"," -924397.21","924397.21","0.0","0.0","0.0","0.0","0.0","924397.21","0.0","0.0","0.0","0.0","924397.21","0.0","0.0","924397.21","0.0","924397.21","924397.21","0.0","0.0","0.0","0.0","0.0","0.0","0.0","924397.21","0.0","0.0","0.0","924397.21","0.0","0.0","0.0","0.0","0.0","0.0","0.0","924397.21","0.0","0.0","0.0","0.0","0.0","0.0","0.0","924397.21","0.0","0.0","0.0","0.0","","","","","","","",""
"031C02-BTR-0012","","Budget Transfer for DVO 016 from 1TB01031.01.CN.031C02.00 to 1TB01031.01.CN.98","This Budget Transfer is raised for the approval to transfer the budget for approved DVO-016 (All the vehicles that are part of the contractor’s scope should be descoped as per the directives Amaala Management via email on 17th August 2023, it was instructed to descope the vehicle services from the Contractor’s Scope and ordered to use RSG fleet).
The total budget to be transferred for this DVO – 016 is in the amount of Negative SAR -331,324.40 from 1TB01031.01.CN.031C02.00 – ALS – to 1TB01031.01.CN.98 – CN Budget Hold.","2023-12-13","APPROVED","APPROVED","N","N","N"," -331324.4","331324.4","0.0","0.0","0.0","0.0","0.0","331324.4","0.0","0.0","0.0","0.0","331324.4","0.0","0.0","331324.4","0.0","331324.4","331324.4","0.0","0.0","0.0","0.0","0.0","0.0","0.0","331324.4","0.0","0.0","0.0","331324.4","0.0","0.0","0.0","0.0","0.0","0.0","0.0","331324.4","0.0","0.0","0.0","0.0","0.0","0.0","0.0","331324.4","0.0","0.0","0.0","0.0","","","","","","","",""
"031C02-BTR-0013","","Budget Transfer from 1TB01031.01.CN.98 to 1TB01031.01.CN.031C02.02 (DVO 013, DVO 017 & DVO 018)","Alsaad DVOs
DVO 013	= +SAR 3,661,798.00 
DVO 017	= +SAR 268,897.00 
DVO 018	= +SAR 19,133,355.21 
TOTAL	= +SAR 23,064,050.21","2023-12-16","APPROVED","APPROVED","N","N","N"," -2.306405021E7","2.306405021E7","0.0","0.0","0.0","0.0","0.0","2.306405021E7","0.0","0.0","0.0","0.0","2.306405021E7","0.0","0.0","2.306405021E7","0.0","2.306405021E7","2.306405021E7","0.0","0.0","0.0","0.0","0.0","0.0","0.0","2.306405021E7","0.0","0.0","0.0","2.306405021E7","0.0","0.0","0.0","0.0","0.0","0.0","0.0","2.306405021E7","0.0","0.0","0.0","0.0","0.0","0.0","0.0","2.306405021E7","0.0","0.0","0.0","0.0","","","","","","","",""
"031C02-BTR-0014","","Budget Transfer from 1TB01031.01.CN.031C01.02 to 1TB01031.01.CN.031C02.02 (for Alsaad Marina Basin DVO 013, DVO 017 & DVO 018)","This Budget Transfer Request is raised for approval to reallocate the previously approved budget transfer to the correct asset code, i.e., transfer/reallocate the previously approved total budget of SAR 23,064,050.21 (DVO 013 = SAR 3,661,798.00; DVO 017 = SAR 268,897.00; DVO 018 = SAR 19,133,355.21) from 1TB01031.01.CN.031C01.02 (ALS Early Works – Variations) to 1TB01031.01.CN.031C02.02 (ALS Marina Basin - Variations).
This does not impact the overall budget but only reallocates to the correct asset code.","2024-01-09","APPROVED","APPROVED","N","N","N"," -2.306405021E7","2.306405021E7","0.0","0.0","0.0","0.0","0.0","2.306405021E7","0.0","0.0","0.0","0.0","2.306405021E7","0.0","0.0","2.306405021E7","0.0","2.306405021E7","2.306405021E7","0.0","0.0","0.0","0.0","0.0","0.0","0.0","2.306405021E7","0.0","0.0","0.0","2.306405021E7","0.0","0.0","0.0","0.0","0.0","0.0","0.0","2.306405021E7","0.0","0.0","0.0","0.0","0.0","0.0","0.0","2.306405021E7","0.0","0.0","0.0","0.0","","","","","","","",""
"031C02-BTR-0015","","Budget Transfer for DVO 026 from 1TB01031.01.CN.98 to 1TB01031.01.CN.031C02.02","This Budget Transfer is raised for the approval to transfer the budget for approved DVO-026 (Additional Pile at QW-5 Shoring - TB The Marina), as detailed on the attached DVO. 

The total budget to be transferred for this DVO 026 is in the amount of SAR 1,143,018.73 from 1TB01031.01.CN.98 – CN Budget Hold to 1TB01031.01.CN.031C02.02 – ALS – Variations.","2024-03-03","APPROVED","APPROVED","N","N","N"," -1143018.73","1143018.73","0.0","0.0","0.0","0.0","0.0","1143018.73","0.0","0.0","0.0","0.0","1143018.73","0.0","0.0","1143018.73","0.0","1143018.73","1143018.73","0.0","0.0","0.0","0.0","0.0","0.0","0.0","1143018.73","0.0","0.0","0.0","1143018.73","0.0","0.0","0.0","0.0","0.0","0.0","0.0","1143018.73","0.0","0.0","0.0","0.0","0.0","0.0","0.0","1143018.73","0.0","0.0","0.0","0.0","","","","","","","",""
"031C02-BTR-0016","","Budget Transfer for DVO 027 from 1TB01031.01.CN.98 to 1TB01031.01.CN.031C02.02","This Budget Transfer is raised for the approval to transfer the budget for approved DVO-027 (Casting Additional Block with LSS sleeves - TB The Marina), as detailed on the attached DVO. 

The total budget to be transferred for this DVO 027 is in the amount of SAR 35,213.40 from 1TB01031.01.CN.98 – CN Budget Hold to 1TB01031.01.CN.031C02.02 – ALS – Variations.","2024-03-03","APPROVED","APPROVED","N","N","N"," -35213.4","35213.4","0.0","0.0","0.0","0.0","0.0","35213.4","0.0","0.0","0.0","0.0","35213.4","0.0","0.0","35213.4","0.0","35213.4","35213.4","0.0","0.0","0.0","0.0","0.0","0.0","0.0","35213.4","0.0","0.0","0.0","35213.4","0.0","0.0","0.0","0.0","0.0","0.0","0.0","35213.4","0.0","0.0","0.0","0.0","0.0","0.0","0.0","35213.4","0.0","0.0","0.0","0.0","","","","","","","",""
"031C02-BTR-0017","","Budget Transfer for DVO 021 from 1TB01031.01.CN.98 to 1TB01031.01.CN.031C02.02","This Budget Transfer is raised for the approval to transfer the budget for approved DVO-021 (Conversion of Coordinate System from TMRSD to SANSRS - TB The Marina), as detailed on the attached DVO. 

The total budget to be transferred for this DVO 021 is in the amount of SAR 226,460.80 from 1TB01031.01.CN.98 – CN Budget Hold to 1TB01031.01.CN.031C02.02 – ALS – Variations.","2024-03-03","APPROVED","APPROVED","N","N","N"," -226460.8","226460.8","0.0","0.0","0.0","0.0","0.0","226460.8","0.0","0.0","0.0","0.0","226460.8","0.0","0.0","226460.8","0.0","226460.8","226460.8","0.0","226460.8","0.0","0.0","0.0","0.0","0.0","226460.8","0.0","0.0","0.0","226460.8","0.0","0.0","0.0","0.0","0.0","0.0","0.0","226460.8","0.0","0.0","0.0","0.0","0.0","0.0","0.0","226460.8","0.0","0.0","0.0","0.0","","","","","","","",""
"031C02-BTR-0018","PVO 019 P1","Budget Transfer for DVO 019 from 1TB01031.01.CN.031C02.00 to 1TB01031.01.CN.98","This Budget Transfer is raised for approval to transfer the budget for the approved DVO– 19 amounting to SAR 856,780.47 .to ALS for  Change In Construction Methodology - Main Access Channel Dry Excavation'' 

It is proposed to transfer the budget in the amount of SAR  26,547,539.23 from 1TB01031.01.CN.031C02.00 (Main) to 1TB01031.01.CN.98 (Construction Budget Hold)","2024-02-07","APPROVED","APPROVED","N","N","N"," -2.654753923E7","2.654753923E7","0.0","0.0","0.0","0.0","0.0","2.654753923E7","0.0","0.0","0.0","0.0","2.654753923E7","0.0","0.0","2.654753923E7","0.0","2.654753923E7","2.654753923E7","0.0","2.654753923E7","0.0","0.0","0.0","0.0","0.0","2.654753923E7","0.0","0.0","0.0","2.654753923E7","0.0","0.0","0.0","0.0","0.0","0.0","0.0","2.654753923E7","0.0","0.0","0.0","0.0","0.0","0.0","0.0","2.654753923E7","0.0","0.0","0.0","0.0","","","","","","","",""
"031C02-BTR-0019","PVO 019 P2","Budget Transfer for DVO 019 from 1TB01031.01.CN.98 to 1TB01031.01.CN.031C02.02","This Budget Transfer is raised for approval to transfer the budget for the approved DVO– 19 amounting to SAR 856,780.47 .to ALS for  Change In Construction Methodology - Main Access Channel Dry Excavation'' 

It is proposed to transfer the budget in the amount of SAR  27,404,319.70 from 1TB01031.01.CN.98 (Construction Budget Hold) to1TB01031.01.CN.031C02.02 (Variation)","2024-02-27","APPROVED","APPROVED","N","N","N"," -2.74043197E7","2.74043197E7","0.0","0.0","0.0","0.0","0.0","2.74043197E7","0.0","0.0","0.0","0.0","2.74043197E7","0.0","0.0","2.74043197E7","0.0","2.74043197E7","2.74043197E7","0.0","2.74043197E7","0.0","0.0","0.0","0.0","0.0","2.74043197E7","0.0","0.0","0.0","2.74043197E7","0.0","0.0","0.0","0.0","0.0","0.0","0.0","2.74043197E7","0.0","0.0","0.0","0.0","0.0","0.0","0.0","2.74043197E7","0.0","0.0","0.0","0.0","","","","","","","",""
"031C02-BTR-0020","PVO 047","Budget Transfer for PVO 047 from 1TB01031.01.CN.98 to 1TB01031.01.CN.031C02.02","This Budget Transfer is raised for approval to transfer the budget for the approved PVO – 47 amounting to SAR 4,724,853.12 to ALS for Change In Labour Accommodation Rate'' 

It is proposed to transfer the budget in the amount of SAR  4,724,853.12 from 1TB01031.01.CN.98 (Construction Budget Hold) to1TB01031.01.CN.031C02.02 (Variation)","2024-02-05","APPROVED","APPROVED","N","N","N"," -4724853.12","4724853.12","0.0","0.0","0.0","0.0","0.0","4724853.12","0.0","0.0","0.0","0.0","4724853.12","0.0","0.0","4724853.12","0.0","4724853.12","4724853.12","0.0","0.0","0.0","0.0","0.0","0.0","0.0","4724853.12","0.0","0.0","0.0","4724853.12","0.0","0.0","0.0","0.0","0.0","0.0","0.0","4724853.12","0.0","0.0","0.0","0.0","0.0","0.0","0.0","4724853.12","0.0","0.0","0.0","0.0","","","","","","","",""
"031C02-BTR-0021","PR 1240212, PVO 49-P1","Budget Transfer for PVO 049-P1 from 1TB01031.01.CN.98 to 1TB01031.01.CN.031C02.02","This Budget Transfer is raised for approval to transfer the budget for the approved PVO – 49 amounting to SAR 349,333.26 to ALS for Sea Water Intake Structure'' 

It is proposed to transfer the budget in the amount of SAR 349,333.26 from 1TB01031.01.CN.98 (Construction Budget Hold) to1TB01031.01.CN.031C02.02 (Variation)","2024-02-28","APPROVED","APPROVED","N","N","N"," -349333.26","349333.26","0.0","0.0","0.0","0.0","0.0","349333.26","0.0","0.0","0.0","0.0","349333.26","0.0","0.0","349333.26","0.0","349333.26","349333.26","0.0","0.0","0.0","0.0","0.0","0.0","0.0","349333.26","0.0","0.0","0.0","349333.26","0.0","0.0","0.0","0.0","0.0","0.0","0.0","349333.26","0.0","0.0","0.0","0.0","0.0","0.0","0.0","349333.26","0.0","0.0","0.0","0.0","","","","","","","",""
"031C02-BTR-0022","EI 35","Budget Transfer for DVO 028 from 1TB01031.01.CN.031C02.00 to 1TB01031.01.CN.98","This Budget Transfer is raised for the approval to transfer the budget for approved DVO-028 (Additional deployment of the resources to mitigate the current delay by Marina Basin Contrator ( Al Saad)).

The total budget to be transferred for this DVO – 028 is in the amount of Negative SAR -9,791,105.68 from 1TB01031.01.CN.031C02.00 – ALS – to 1TB01031.01.CN.98 – CN Budget Hold.","2024-02-11","APPROVED","APPROVED","N","N","N"," -9791105.68","9791105.68","0.0","0.0","0.0","0.0","0.0","9791105.68","0.0","0.0","0.0","0.0","9791105.68","0.0","0.0","9791105.68","0.0","9791105.68","1.02203033E7","0.0","9791105.68","0.0","0.0","0.0","0.0","0.0","9791105.68","0.0","0.0","0.0","9791105.68","0.0","0.0","0.0","0.0","0.0","0.0","0.0","9791105.68","0.0","0.0","0.0","0.0","0.0","0.0","0.0","9791105.68","0.0","0.0","0.0","0.0","","","","","","","",""
"031C02-BTR-0023","PVO 15","Budget Transfer for PVO 015 from 1TB01031.01.CN.031C02.00 to 1TB01031.01.CN.98","This Budget Transfer is raised for the approval to transfer the budget for approved PVO - 015 (Consultant's (WSP) Additional working hours).

The total budget to be transferred for this PVO – 015 is in the amount of Negative SAR 159,036.00 from 1TB01031.01.CN.031C02.00 – ALS – to 1TB01031.01.CN.98 – CN Budget Hold.","2023-08-07","APPROVED","APPROVED","N","N","N"," -159036.0","159036.0","0.0","0.0","0.0","0.0","0.0","159036.0","0.0","0.0","0.0","0.0","159036.0","0.0","0.0","159036.0","0.0","159036.0","159036.0","0.0","0.0","0.0","0.0","0.0","0.0","0.0","159036.0","0.0","0.0","0.0","159036.0","0.0","0.0","0.0","0.0","0.0","0.0","0.0","159036.0","0.0","0.0","0.0","0.0","0.0","0.0","0.0","159036.0","0.0","0.0","0.0","0.0","","","","","","","",""
"031C02-BTR-0024","EI-17","Budget Transfer for DVO 024 from 1TB01031.01.CN.031C02.00 to 1TB01031.01.CN.98","This Budget Transfer is raised for the approva Implement revised approved Quay Wall alignment at North Quay wall at RSMLI location of Marina Basin PVO under Al Saad Contract

The total budget to be transferred for this DVO – 024  is in the amount of Negative SAR 14,119,631.78 from 1TB01031.01.CN.031C02.00 – ALS – to 1TB01031.01.CN.98 – CN Budget Hold.","2024-02-11","APPROVED","APPROVED","N","N","N"," -1.411963178E7","1.411963178E7","0.0","0.0","0.0","0.0","0.0","1.411963178E7","0.0","0.0","0.0","0.0","1.411963178E7","0.0","0.0","1.411963178E7","0.0","1.411963178E7","9786509.5","0.0","1.411963178E7","0.0","0.0","0.0","0.0","0.0","1.411963178E7","0.0","0.0","0.0","1.411963178E7","0.0","0.0","0.0","0.0","0.0","0.0","0.0","1.411963178E7","0.0","0.0","0.0","0.0","0.0","0.0","0.0","1.411963178E7","0.0","0.0","0.0","0.0","","","","","","","",""
"031C02-BTR-0025","EI-21","Budget Transfer for DVO 025 from 1TB01031.01.CN.98 to 1TB01031.01.CN.031C02.02","""Part 1 - This Budget Transfer is raised for the approval of ""Implements Revised approved Quay Wall Alignment at South Quay wall location of Marina Basin"" DVO under Al Saad Contract

The total budget to be transferred for this DVO – 025  is in the amount of Negative SAR 6,161,376.56 (25,835,038.38 - 31,996,414.94)

This BTR P1 (031C02-BTR-0025) - is for the positive 25,835,038.38 from 1TB01031.01.CN.98 (CN Budget Hold) to  1TB01031.01.CN.031C02.02 – (ALS Variation)

BTR P2 (031C02-BTR-0029) - is for the Negative 31,996,414.94 from 1TB01031.01.CN.031C02.00 – (ALS Main) to 1TB01031.01.CN.98 (CN Budget Hold)","2024-02-11","APPROVED","APPROVED","N","N","N"," -2.583503838E7","2.583503838E7","0.0","0.0","0.0","0.0","0.0","2.583503838E7","0.0","0.0","0.0","0.0","2.583503838E7","0.0","0.0","2.583503838E7","0.0","2.583503838E7","5311160.68","0.0","2.583503838E7","0.0","0.0","0.0","0.0","0.0","2.583503838E7","0.0","0.0","0.0","2.583503838E7","0.0","0.0","0.0","0.0","0.0","0.0","0.0","2.583503838E7","0.0","0.0","0.0","0.0","0.0","0.0","0.0","2.583503838E7","0.0","0.0","0.0","0.0","","","","","","","",""
"031C02-BTR-0026","EI-10","Budget Transfer for DVO 008 from 1TB01031.01.CN.031C02.00 to 1TB01031.01.CN.98","This Budget Transfer is raised for the approval of ""Provision of Accommodation to Alsaad Workers by AMAALA"" DVO under Al Saad Contract

The total budget to be transferred for this DVO – 008 is in the amount of Negative SAR 3,932,653.94 from 1TB01031.01.CN.031C02.00 – ALS – to 1TB01031.01.CN.98 – CN Budget Hold.","2024-02-28","APPROVED","APPROVED","N","N","N"," -3932653.94","3932653.94","0.0","0.0","0.0","0.0","0.0","3932653.94","0.0","0.0","0.0","0.0","3932653.94","0.0","0.0","3932653.94","0.0","3932653.94","7250000.0","0.0","3932653.94","0.0","0.0","0.0","0.0","0.0","3932653.94","0.0","0.0","0.0","3932653.94","0.0","0.0","0.0","0.0","0.0","0.0","0.0","3932653.94","0.0","0.0","0.0","0.0","0.0","0.0","0.0","3932653.94","0.0","0.0","0.0","0.0","","","","","","","",""
"031C02-BTR-0027","","Budget Transfer for PVO 050  from 1TB01031.01.CN.031C02.00 to 1TB01031.01.CN.98","This Budget Transfer is raised for the approval to transfer the budget for approved PVO-050 (Extended Working Hours Of Supervision for Al Saad by WSP (Feb-23 to Jan-24).

The total budget to be transferred for this PVO – 050 is in the amount of Negative SAR -700,459.45 from 1TB01031.01.CN.031C02.00 – ALS – to 1TB01031.01.CN.98 – CN Budget Hold.","2024-03-19","APPROVED","APPROVED","N","N","N"," -700459.45","700459.45","0.0","0.0","0.0","0.0","0.0","700459.45","0.0","0.0","0.0","0.0","700459.45","0.0","0.0","700459.45","0.0","700459.45","700459.45","0.0","0.0","0.0","0.0","0.0","0.0","0.0","700459.45","0.0","0.0","0.0","700459.45","0.0","0.0","0.0","0.0","0.0","0.0","0.0","700459.45","0.0","0.0","0.0","0.0","0.0","0.0","0.0","700459.45","0.0","0.0","0.0","0.0","","","","","","","",""
"031C02-BTR-0028","","Budget Transfer for PVO 026 from 1TB01031.01.PS.98 to  1TB01031.01.CN.031C02.00","This Budget Transfer is raised for the approval to transfer the budget for approved PVO-026R1 ( Design & Engg Fixed Jetty).

The total budget to be transferred for this PVO – 050 is SAR 2,582,080.00.  This is proposed PVO fund from 1TB01031.01.PS.98 (The Marina-PS Budget Hold).","2024-03-06","APPROVED","APPROVED","N","N","N"," -2582080.0","2582080.0","0.0","0.0","0.0","0.0","0.0","2582080.0","0.0","0.0","0.0","0.0","2582080.0","0.0","0.0","2582080.0","0.0","2582080.0","2582080.0","0.0","0.0","0.0","0.0","0.0","0.0","0.0","2582080.0","0.0","0.0","0.0","2582080.0","0.0","0.0","0.0","0.0","0.0","0.0","0.0","2582080.0","0.0","0.0","0.0","0.0","0.0","0.0","0.0","2582080.0","0.0","0.0","0.0","0.0","","","","","","","",""
"031C02-BTR-0029","EI-21","Budget Transfer for DVO 025 from 1TB01031.01.CN.031C02.00 to 1TB01031.01.CN.98","""Part 2 - This Budget Transfer is raised for the approval of ""Implements Revised approved Quay Wall Alignment at South Quay wall location of Marina Basin"" DVO under Al Saad Contract

The total budget to be transferred for this DVO – 025  is in the amount of Negative SAR 6,161,376.56 (25,835,038.38 - 31,996,414.94)

BTR P1 (031C02-BTR-0025) - is for the positive 25,835,038.38 from 1TB01031.01.CN.98 (CN Budget Hold) to  1TB01031.01.CN.031C02.02 – (ALS Variation)

BTR P2 This (031C02-BTR-0029) - is for the Negative 31,996,414.94 from 1TB01031.01.CN.031C02.00 – (ALS Main) to 1TB01031.01.CN.98 (CN Budget Hold)","2024-02-11","APPROVED","APPROVED","N","N","N"," -3.199641494E7","3.199641494E7","0.0","0.0","0.0","0.0","0.0","3.199641494E7","0.0","0.0","0.0","0.0","3.199641494E7","0.0","0.0","3.199641494E7","0.0","3.199641494E7","8562991.4","0.0","3.199641494E7","0.0","0.0","0.0","0.0","0.0","3.199641494E7","0.0","0.0","0.0","3.199641494E7","0.0","0.0","0.0","0.0","0.0","0.0","0.0","3.199641494E7","0.0","0.0","0.0","0.0","0.0","0.0","0.0","3.199641494E7","0.0","0.0","0.0","0.0","","","","","","","",""
"031C02-BTR-0030","EI - 34","Budget Transfer for DVO 026 from 1TB01031.01.CN.031C01.02 to 1TB01031.01.CN.031C02.02","This Budget Transfer is raised for the approval to transfer the budget for approved DVO-026 (Additional Pile at QW-5 Shoring - TB The Marina), as detailed on the attached DVO. 

The total budget to be transferred for this DVO 026 is in the amount of SAR 1,143,018.73 from 1TB01031.01.CN.98 – CN Budget Hold to 1TB01031.01.CN.031C02.02 – ALS – Variations.

031C02-BTR-0015 mistakly transferred to C01 (Al Saad Contract), therefore this BTR from 1TB01031.01.CN.031C02.01 – ALS – Variations. to 1TB01031.01.CN.031C02.02 – ALS – Variations.","2023-12-18","APPROVED","APPROVED","N","N","N"," -1143018.73","1143018.73","0.0","0.0","0.0","0.0","0.0","1143018.73","0.0","0.0","0.0","0.0","1143018.73","0.0","0.0","1143018.73","0.0","1143018.73","1143018.73","0.0","1143018.73","0.0","0.0","0.0","0.0","0.0","1143018.73","0.0","0.0","0.0","1143018.73","0.0","0.0","0.0","0.0","0.0","0.0","0.0","1143018.73","0.0","0.0","0.0","0.0","0.0","0.0","0.0","1143018.73","0.0","0.0","0.0","0.0","","","","","","","",""
"031C02-BTR-0031","PR 1240212, PVO 49-P2","Budget Transfer for PVO 049-P2 from 1TB01031.01.CN.031C02.02 to  1TB01031.01.CN.98","This Budget Transfer is raised for approval to transfer the budget for the approved PVO -49/ DVO 32 amounting to  SAR 327,221.92   to Al Saad for “Sea Water Intake Structure''

031C02-BTR-0021, SAR 349,333.26 based on the approved PVO 49. the approved DVO 32 is SAR 327,221.92 . 

Therefore this BTR (031C02-BTR-0031) SAR 22,111.34 returning to CN BH. 

It is proposed to transfer the budget in the amount of SAR 22,111.34  from 1TB01031.01.CN.031C02.02 (Variation) to  1TB01031.01.CN.98 (Construction Budget Hold)","2024-03-11","APPROVED","APPROVED","N","N","N"," -22111.34","22111.34","0.0","0.0","0.0","0.0","0.0","22111.34","0.0","0.0","0.0","0.0","22111.34","0.0","0.0","22111.34","0.0","22111.34","22111.34","0.0","0.0","0.0","0.0","0.0","0.0","0.0","22111.34","0.0","0.0","0.0","22111.34","0.0","0.0","0.0","0.0","0.0","0.0","0.0","22111.34","0.0","0.0","0.0","0.0","0.0","0.0","0.0","22111.34","0.0","0.0","0.0","0.0","","","","","","","",""
"031C02-BTR-0032","PVO 52 / PR - 1240329","Budget Transfer for PVO 052 -P1  from 1TB01031.01.CN.98 to 1TB01031.01.CN.031C02.00","This Budget Transfer is raised for the approval to transfer the budget for approved PVO-052 (Additional Running Cost for the Settling Basin - RSMLI, MLH & MH3).

The total budget to be transferred for this PVO – 052 is in the amount of SAR 2,971,444.20 from  1TB01031.01.CN.98 – CN Budget Hold to 1TB01031.01.CN.031C02.02 – ALS","2024-03-28","APPROVED","APPROVED","N","N","N"," -2971444.2","2971444.2","0.0","0.0","0.0","0.0","0.0","2971444.2","0.0","0.0","0.0","0.0","2971444.2","0.0","0.0","2971444.2","0.0","2971444.2","2971444.2","0.0","0.0","0.0","0.0","0.0","0.0","0.0","2971444.2","0.0","0.0","0.0","2971444.2","0.0","0.0","0.0","0.0","0.0","0.0","0.0","2971444.2","0.0","0.0","0.0","0.0","0.0","0.0","0.0","2971444.2","0.0","0.0","0.0","0.0","","","","","","","",""
"031C02-BTR-0033","PVO 52 / PR - 1240329","Budget Transfer for PVO 052 -P2 (DVO 35)  from 1TB01031.01.CN.031C02.00  to 1TB01031.01.CN.98","This Budget Transfer is raised for approval to transfer the budget for the approved DVO 035 amounting to  SAR 2,696,744.10   to Al Saad for “Additional Running Cost for the Settling Basin - RSMLI, MLH & MH3''

031C02-BTR-0032, SAR 2,971,444.20 based on the approved PVO 52. the approved DVO 35 is SAR 2,696,744.10. 

Therefore this BTR (031C02-BTR-0031) SAR 274,700.10 returning to CN BH. 

It is proposed to transfer the budget in the amount of SAR 22,111.34  from 1TB01031.01.CN.031C02.00 (Variation) to  1TB01031.01.CN.98 (Construction Budget Hold)","2024-04-28","APPROVED","APPROVED","N","N","N"," -274700.1","274700.1","0.0","0.0","0.0","0.0","0.0","274700.1","0.0","0.0","0.0","0.0","274700.1","0.0","0.0","274700.1","0.0","274700.1","274700.1","0.0","0.0","0.0","0.0","0.0","0.0","0.0","274700.1","0.0","0.0","0.0","274700.1","0.0","0.0","0.0","0.0","0.0","0.0","0.0","274700.1","0.0","0.0","0.0","0.0","0.0","0.0","0.0","274700.1","0.0","0.0","0.0","0.0","","","","","","","",""
"031C02-BTR-0034","EI-21","Budget Transfer for DVO 025 -P3  from 1TB01031.01.CN.98 to 1TB01031.01.CN.031C02.02","This Budget Transfer is raised for approval to transfer the budget for the approved DVO – 25 025  is in the amount of Negative SAR 6,161,376.56 (25,835,038.38 - 31,996,414.94)

Negative - BTR is Completed (031C02-BTR-0029)
BTR P2 (031C02-BTR-0029) - is for the Negative 31,996,414.94 from 1TB01031.01.CN.031C02.00 – (ALS Main) to 1TB01031.01.CN.98 (CN Budget Hold)

Positive amount SAR 25,835,038.38 has to be transferred from  1TB01031.01.CN.98 (CN Budget Hold) to  1TB01031.01.CN.031C02.02 – (ALS Variation), but it has been transferred (031C02-BTR-0025) to ALS Main (1TB01031.01.CN.031C02.00).

Therefore This BTR amount SAR   25,835,038.38 from ALS Main (1TB01031.01.CN.031C02.00) to ALS Variation 1TB01031.01.CN.031C02.02","2024-02-11","APPROVED","APPROVED","N","N","N"," -2.583503838E7","2.583503838E7","0.0","0.0","0.0","0.0","0.0","2.583503838E7","0.0","0.0","0.0","0.0","2.583503838E7","0.0","0.0","2.583503838E7","0.0","2.583503838E7","2.583503838E7","0.0","0.0","0.0","0.0","0.0","0.0","0.0","2.583503838E7","0.0","0.0","0.0","2.583503838E7","0.0","0.0","0.0","0.0","0.0","0.0","0.0","2.583503838E7","0.0","0.0","0.0","0.0","0.0","0.0","0.0","2.583503838E7","0.0","0.0","0.0","0.0","","","","","","","",""
"031C02-BTR-0035","PVO 53   - PR 1240428","Budget Transfer for PVO 53  from 1TB01031.01.CN.98 to 1TB01031.01.CN.031C02.02","This Budget Transfer is raised for approval to transfer the budget for the approved PVO 53 the amount of SAR 4,900,000.00

This  BTR amount SAR 4,900,000.00 from 1TB01031.01.CN.98 (CN BH) to 1TB01031.01.CN.031C02.02 (ALS VO)","2024-05-21","APPROVED","APPROVED","N","N","N"," -4900000.0","4900000.0","0.0","0.0","0.0","0.0","0.0","4900000.0","0.0","0.0","0.0","0.0","4900000.0","0.0","0.0","4900000.0","0.0","4900000.0","4900000.0","0.0","0.0","0.0","0.0","0.0","0.0","0.0","4900000.0","0.0","0.0","0.0","4900000.0","0.0","0.0","0.0","0.0","0.0","0.0","0.0","4900000.0","0.0","0.0","0.0","0.0","0.0","0.0","0.0","4900000.0","0.0","0.0","0.0","0.0","","","","","","","",""
"031C02-BTR-0036","PVO 15 - AMA01031-WTRAN-005663","BTR for cancellation of PVO 15","This Budget Transfer is raised for the cancellation of the approved PVO - 015 (Consultant's (WSP) Additional working hours).

031C02-BTR-0023 has been transferred based on the approved PVO – 015 is in the amount of Negative SAR 159,036.00 from 1TB01031.01.CN.031C02.00 – ALS – to 1TB01031.01.CN.98 – CN Budget Hold.

therefore this BTR is raised amount of SAR 159,036.00 from 1TB01031.01.CN.98 – CN Budget Hold to 1TB01031.01.CN.031C02.00 – ALS","2024-06-24","APPROVED","APPROVED","N","N","N"," -159036.0","159036.0","0.0","0.0","0.0","0.0","0.0","159036.0","0.0","0.0","0.0","0.0","159036.0","0.0","0.0","159036.0","0.0","159036.0","159036.0","0.0","0.0","0.0","0.0","0.0","0.0","0.0","159036.0","0.0","0.0","0.0","159036.0","0.0","0.0","0.0","0.0","0.0","0.0","0.0","159036.0","0.0","0.0","0.0","0.0","0.0","0.0","0.0","159036.0","0.0","0.0","0.0","0.0","","","","","","","",""
"031C02-BTR-0037","PVO 055","Budget Transfer for PVO 055 from 1TB01031.01.CN.98 to 1TB01031.01.CN.031C02.02","This Budget Transfer is being raised to transfer the budget from Construction Hold to Al Saad's Variation for ""Extending the Service of Treating Dewatering Discharge from RSMLI, MLH & MH-3 for the month of May-24 & June-24"" PVO.

The cost associated with this PVO equates to SAR  1,194,688.99","2024-07-02","APPROVED","APPROVED","N","N","N"," -1194688.99","1194688.99","0.0","0.0","0.0","0.0","0.0","1194688.99","0.0","0.0","0.0","0.0","1194688.99","0.0","0.0","1194688.99","0.0","1194688.99","1194688.99","0.0","0.0","0.0","0.0","0.0","0.0","0.0","1194688.99","0.0","0.0","0.0","1194688.99","0.0","0.0","0.0","0.0","0.0","0.0","0.0","1194688.99","0.0","0.0","0.0","0.0","0.0","0.0","0.0","1194688.99","0.0","0.0","0.0","0.0","","","","","","","",""
"031C02-BTR-0038","PVO 57","BTR for PVO 057- ALS - Descoping Painting Work for Capping Beam","This BTR is raised for the approval of DVO 39 (PVO 057).

BTR Amount SAR 810,384.74 from 1TB01031.01.CN.031C02.00 ALS VO to 1TB01031.01.CN.98 CN BH.","2024-08-08","APPROVED","APPROVED","N","N","N"," -810384.74","810384.74","0.0","0.0","0.0","0.0","0.0","810384.74","0.0","0.0","0.0","0.0","810384.74","0.0","0.0","810384.74","0.0","810384.74","810384.74","0.0","0.0","0.0","0.0","0.0","0.0","0.0","810384.74","0.0","0.0","0.0","810384.74","0.0","0.0","0.0","0.0","0.0","0.0","0.0","810384.74","0.0","0.0","0.0","0.0","0.0","0.0","0.0","810384.74","0.0","0.0","0.0","0.0","","","","","","","",""
"031C02-BTR-0039","PVO 47","BTR for PVO 47 / DVO 031 (From VO to CN BH)","This BTR is raised for approved PVO 47 /  DVO 031  ""Change In Labour Accommodation Rate"" under Al Saad Contract. 

PVO Amount SAR 4,724,853.12 & DVO amount is 4,144,608.00 (Variance is 580,245.12)

The BTR 020 SAR 4,724,853.12 has been approved based on the PVO, therefore this BTR has been initiated for SAR 580,245.12 from Al Saad VO to CN BH","2024-08-18","APPROVED","APPROVED","N","N","N"," -580245.12","580245.12","0.0","0.0","0.0","0.0","0.0","580245.12","0.0","0.0","0.0","0.0","580245.12","0.0","0.0","580245.12","0.0","580245.12","580245.12","0.0","0.0","0.0","0.0","0.0","0.0","0.0","580245.12","0.0","0.0","0.0","580245.12","0.0","0.0","0.0","0.0","0.0","0.0","0.0","580245.12","0.0","0.0","0.0","0.0","0.0","0.0","0.0","580245.12","0.0","0.0","0.0","0.0","","","","","","","",""
"031C02-BTR-0040","PVO 60","BTR for PVO-060 - Treating Dewatering Discharge from RSMLI, MLH & MH-3 from July-Dec 2024","BTR for PVO-060 - Treating Dewatering Discharge from RSMLI, MLH & MH-3 from July-Dec 2024

The Amount SAR 5,315,733.36 from CN BH to Al Saad VO.","2024-11-11","APPROVED","APPROVED","N","N","N"," -5315733.36","5315733.36","0.0","0.0","0.0","0.0","0.0","5315733.36","0.0","0.0","0.0","0.0","5315733.36","0.0","0.0","5315733.36","0.0","5315733.36","5315733.36","0.0","0.0","0.0","0.0","0.0","0.0","0.0","5315733.36","0.0","0.0","0.0","5315733.36","0.0","0.0","0.0","0.0","0.0","0.0","0.0","5315733.36","0.0","0.0","0.0","0.0","0.0","0.0","0.0","5315733.36","0.0","0.0","0.0","0.0","","","","","","","",""
"031C02-BTR-0041","PVO 60 - P2","BTR for DVO 40 (PVO-060 - Treating Dewatering Discharge from RSMLI, MLH & MH-3 from July-Dec 2024).","BTR for DVO 40 (PVO-060 - Treating Dewatering Discharge from RSMLI, MLH & MH-3 from July-Dec 2024).

The approved PVO value was 5,315,733.36 accordingly BTR (040) was approved. the Approved DVO Value is SAR 4,909,437.36, therefore this BTR is raised to transfer the additional commitment SAR 406,296.00 to BH.","2024-12-08","APPROVED","APPROVED","N","N","N"," -406296.0","406296.0","0.0","0.0","0.0","0.0","0.0","406296.0","0.0","0.0","0.0","0.0","406296.0","0.0","0.0","406296.0","0.0","406296.0","406296.0","0.0","0.0","0.0","0.0","0.0","0.0","0.0","406296.0","0.0","0.0","0.0","406296.0","0.0","0.0","0.0","0.0","0.0","0.0","0.0","406296.0","0.0","0.0","0.0","0.0","0.0","0.0","0.0","406296.0","0.0","0.0","0.0","0.0","","","","","","","",""
"031C02-BTR-0042","PVO 061","BTR for PVO 061 - Omitting the Scope of Work under Unrealised Provisional Sum","BTR for PVO 061 - Omitting the Scope of Work under Unrealised Provisional Sum

BTR Amount SAR 73,112,772.07","2025-05-05","APPROVED","APPROVED","N","N","N"," -7.311277207E7","7.311277207E7","0.0","0.0","0.0","0.0","0.0","7.311277207E7","0.0","0.0","0.0","0.0","7.311277207E7","0.0","0.0","7.311277207E7","0.0","7.311277207E7","7.311277207E7","0.0","0.0","0.0","0.0","0.0","0.0","0.0","7.311277207E7","0.0","0.0","0.0","7.311277207E7","0.0","0.0","0.0","0.0","0.0","0.0","0.0","7.311277207E7","0.0","0.0","0.0","0.0","0.0","0.0","0.0","7.311277207E7","0.0","0.0","0.0","0.0","","","","","","","",""
"031C02-BTR-0043","DVO 042","BTR for Final Adjusted & Negotiated Items in the Approved Final Account Statement SAR 9,890,064.44","BTR for Final Adjusted & Negotiated Items in the Approved Final Account Statement SAR 9,890,064.44.","2026-02-16","APPROVED","APPROVED","N","N","N"," -9890064.44","9890064.44","0.0","0.0","0.0","0.0","0.0","9890064.44","0.0","0.0","0.0","0.0","0.0","0.0","0.0","0.0","9890064.44","0.0","0.0","0.0","0.0","0.0","0.0","0.0","0.0","0.0","9890064.44","0.0","0.0","0.0","9890064.44","0.0","0.0","0.0","0.0","0.0","0.0","0.0","0.0","0.0","0.0","0.0","0.0","0.0","0.0","0.0","0.0","0.0","0.0","0.0","0.0","","","","","","","",""
"031C02-BTR-0044","","Budget transfer to align budget as per FAS","Budget transfer to align budget as per FAS
BTR from 1TB01031.01.CN.031C02.00 to 1TB01031.01.CN.98 SAR 1,566,599.14
BTR from 1TB01031.01.CN.031C02.02 to 1TB01031.01.CN.98 SAR 0.15","2026-03-30","APPROVED","APPROVED","N","N","N"," -1566599.29","1566599.29","0.0","0.0","0.0","0.0","0.0","1566599.29","0.0","0.0","0.0","0.0","0.0","0.0","0.0","0.0","1566599.29","0.0","0.0","0.0","0.0","0.0","0.0","0.0","0.0","0.0","1566599.29","0.0","0.0","0.0","1566599.29","0.0","0.0","0.0","0.0","0.0","0.0","0.0","0.0","0.0","0.0","0.0","0.0","0.0","0.0","0.0","0.0","0.0","0.0","0.0","0.0","","","","","","","",""
"031C02-PVO-000","EI-007/RFC-021","Additional Numerical Modelling Validation on Latest Layout and Wave Mitigation Measures","Additional Numerical Modelling Validation on Latest Layout and Wave Mitigation Measures","2021-09-16","PLANNING","PLANNING","Y","N","N"," -0.0","0.0","0.0","0.0","0.0","0.0","0.0","0.0","0.0","0.0","0.0","0.0","0.0","0.0","0.0","0.0","0.0","0.0","0.0","0.0","0.0","0.0","0.0","0.0","0.0","0.0","0.0","0.0","0.0","0.0","0.0","0.0","0.0","0.0","0.0","0.0","0.0","0.0","0.0","0.0","0.0","0.0","0.0","0.0","0.0","0.0","0.0","0.0","0.0","0.0","0.0","Potential Variation Order","","","","","","",""
"031C02-PVO-0001","EI-012/RFC-001","New BIM Requirements","New BIM Requirements","2021-09-22","PLANNING","PLANNING","Y","N","N"," -0.0","0.0","0.0","0.0","0.0","0.0","0.0","0.0","0.0","0.0","0.0","0.0","175000.0","0.0","0.0","175000.0"," -175000.0","0.0","175000.0","0.0","0.0","0.0","0.0","0.0","0.0","0.0","0.0","0.0","0.0","0.0","0.0","0.0","0.0","0.0","0.0","0.0","0.0","0.0","0.0","0.0","0.0","0.0","0.0","0.0","0.0","0.0","0.0","0.0","0.0","0.0","0.0","Potential Variation Order","","","","","","",""
"031C02-PVO-0002","EI-008/RFC-002","Switch Concrete Batching Plant Supplier","Switch Concrete Batching Plant Supplier","2021-09-22","PLANNING","PLANNING","Y","N","N"," -0.0","0.0","0.0","0.0","0.0","0.0","0.0","0.0","0.0","0.0","0.0","0.0"," -6000000.0"," -0.0","0.0"," -6000000.0","6000000.0","0.0"," -6000000.0","0.0","0.0","0.0","0.0","0.0","0.0","0.0","0.0","0.0","0.0","0.0","0.0","0.0","0.0","0.0","0.0","0.0","0.0","0.0","0.0","0.0","0.0","0.0","0.0","0.0","0.0","0.0","0.0","0.0","0.0","0.0","0.0","Potential Variation Order","","","","","","",""
"031C02-PVO-0003","EI 021/2200571","PVO 03 - Impliment Revised approved Quay Wall Alignment at South Quay wall location of Marina Basin","This PVO is raised for approval of ""Impliment Revised approved Quay Wall Alignment at South Quay wall location of Marina Basin"" ( Al Saad) DVO  under the ALS Contract.

The cost associated with this PVO equates to Negative SAR  6,161,376.56","2023-12-10","APPROVED","APPROVED","N","N","N"," -0.0","0.0","0.0","0.0","0.0","0.0","0.0","0.0","0.0","0.0","0.0","0.0"," -6161376.560000002"," -0.0","0.0"," -6161376.560000002","6161376.560000002","0.0"," -3251830.7200000007","0.0"," -6161376.560000002","0.0","0.0","0.0","0.0","0.0","0.0","0.0","0.0","0.0","0.0","0.0","0.0","0.0","0.0","0.0","0.0","0.0","0.0","0.0","0.0","0.0","0.0","0.0","0.0","0.0"," -6161376.560000002","0.0","0.0","0.0"," -6161376.560000002","Potential Variation Order","","","","","","",""
"031C02-PVO-0004","PR 1230867 (Alsaad)","PVO 004 - Contractor's Site Office Relocation (DVO 015 - Alsaad)","This PVO is raised for approval of the additional cost due to Relocation of the Contractor's Office under the Alsaad Contract.
The approved cost associated with this PVO is SAR 973,800.02. The DVO agreed between Amaala/WSP and Alsaad is SAR 924,397.21. It is proposed to fund this PVO from 1TB01031.01.CN.98 (The Marina-CN Budget Hold).","2023-08-09","APPROVED","APPROVED","N","N","N"," -0.0","0.0","0.0","0.0","0.0","0.0","0.0","0.0","0.0","0.0","0.0","0.0","924397.21","0.0","0.0","924397.21"," -924397.21","0.0","973800.02","0.0","924397.21","0.0","0.0","0.0","0.0","0.0","0.0","0.0","0.0","0.0","0.0","0.0","0.0","0.0","0.0","0.0","0.0","0.0","0.0","0.0","0.0","0.0","0.0","0.0","0.0","0.0","924397.21","0.0","0.0","0.0","924397.21","Potential Variation Order","","","","","","",""
"031C02-PVO-0005","DVO 008 & DVO 08 Rev 1","Provision of Accommodation to Alsaad Workers by AMAALA","Provision of Accommodation to Alsaad Workers by AMAALA","2022-07-31","APPROVED","APPROVED","N","N","N"," -0.0","0.0","0.0","0.0","0.0","0.0","0.0","0.0","0.0","0.0","0.0","0.0"," -3932653.94"," -0.0","0.0"," -3932653.94","3932653.94","0.0"," -7250000.0","0.0"," -3932653.94","0.0","0.0","0.0","0.0","0.0","0.0","0.0","0.0","0.0","0.0","0.0","0.0","0.0","0.0","0.0","0.0","0.0","0.0","0.0","0.0","0.0","0.0","0.0","0.0","0.0"," -3932653.94","0.0","0.0","0.0"," -3932653.94","Potential Variation Order","","","","","","",""
"031C02-PVO-0006","RFC-015","Supply of Vehicle for Government Liaison Department","Supply of Vehicle for Government Liaison Department","2021-06-16","PLANNING","PLANNING","Y","N","N"," -0.0","0.0","0.0","0.0","0.0","0.0","0.0","0.0","0.0","0.0","0.0","0.0","73956.0","0.0","0.0","73956.0"," -73956.0","0.0","73956.0","0.0","0.0","0.0","0.0","0.0","0.0","0.0","0.0","0.0","0.0","0.0","0.0","0.0","0.0","0.0","0.0","0.0","0.0","0.0","0.0","0.0","0.0","0.0","0.0","0.0","0.0","0.0","0.0","0.0","0.0","0.0","0.0","Potential Variation Order","","","","","","",""
"031C02-PVO-0007","PR 1230864 (Alsaad)","PVO-07 R1 RSMLI Main Building Excavation and Blinding (Alsaad)","This PVO is raised for approval of the additional RSMLI Main Building Excavtion and Associated Works under the Alsaad Contract.
The cost associated with this PVO equates to SAR 882,333.70. It is proposed to fund this PVO from 1TB01031.01.CN.98 (The Marina-CN Budget Hold).","2023-10-29","APPROVED","APPROVED","N","N","N"," -0.0","0.0","0.0","0.0","0.0","0.0","0.0","0.0","0.0","0.0","0.0","0.0","3661797.63","0.0","0.0","3661797.63"," -3661797.63","0.0","3661797.63","0.0","0.0","0.0","0.0","0.0","0.0","0.0","0.0","0.0","0.0","0.0","0.0","0.0","0.0","0.0","0.0","0.0","0.0","0.0","0.0","0.0","0.0","0.0","0.0","0.0","0.0","0.0","3661797.63","0.0","0.0","0.0","3661797.63","Potential Variation Order","","","","","","",""
"031C02-PVO-0008","EI-005/RFC-020","Approval to Revert Back to Original Marina Basin Design and Layout (Superseded by PVO-0020)","Approval to Revert Back to Original Marina Basin Design and Layout","2021-08-31","CANCELLED","CANCELLED","Y","N","N"," -0.0","0.0","0.0","0.0","0.0","0.0","0.0","0.0","0.0","0.0","0.0","0.0","100000.0","0.0","0.0","100000.0"," -100000.0","0.0","100000.0","0.0","0.0","0.0","0.0","0.0","0.0","0.0","0.0","0.0","0.0","0.0","0.0","0.0","0.0","0.0","0.0","0.0","0.0","0.0","0.0","0.0","0.0","0.0","0.0","0.0","0.0","0.0","0.0","0.0","0.0","0.0","0.0","Potential Variation Order","","","","","","",""
"031C02-PVO-0009","Contra Charge","WSP Additional Working Hours at the TB Marina","This PVO is raised for the Approved DVO No. 10 for the WSP Additional Working Hours at the TB Marina.

PVO 009 Value is Negative SAR 94,029.43 (DVO 010 also the same Amount)","2023-03-16","APPROVED","APPROVED","N","N","N"," -0.0","0.0","0.0","0.0","0.0","0.0","0.0","0.0","0.0","0.0","0.0","0.0"," -94029.43"," -0.0","0.0"," -94029.43","94029.43","0.0"," -94029.43","0.0"," -94029.43","0.0","0.0","0.0","0.0","0.0","0.0","0.0","0.0","0.0","0.0","0.0","0.0","0.0","0.0","0.0","0.0","0.0","0.0","0.0","0.0","0.0","0.0","0.0","0.0","0.0"," -94029.43","0.0","0.0","0.0"," -94029.43","Potential Variation Order","","","","","","",""
"031C02-PVO-0010","PR 1230952 (Alsaad)","PVO 010 Part b Addl. SOW - Deepwell Dewatering Works for MLH&V","This PVO is raised for approval for Additional Deepwell Dewatering Works for MLH&V under the Alsaad Contract.
The cost associated with this PVO equates to +SAR 5,237,533.57 (DVO 020). A BTR from MLH Budget Hold (1TB01002.03.CN.98) to Alsaad Variation (1TB01031.01.CN.031C02.02) under AMA01031-WTRAN-003080 dated 09 December 2023 is already approved.","2023-05-08","APPROVED","APPROVED","N","N","N"," -0.0","0.0","0.0","0.0","0.0","0.0","0.0","0.0","0.0","0.0","0.0","0.0","5237532.57","0.0","0.0","5237532.57"," -5237532.57","0.0","8884580.88","0.0","5237532.57","0.0","0.0","0.0","0.0","0.0","0.0","0.0","0.0","0.0","0.0","0.0","0.0","0.0","0.0","0.0","0.0","0.0","0.0","0.0","0.0","0.0","0.0","0.0","0.0","0.0","5237532.57","0.0","0.0","0.0","5237532.57","Potential Variation Order","","","","","","",""
"031C02-PVO-0010-Cancelled","EI-011/RFC-022","Revised Quay Wall Alignment at Amaala Yacht Club (Superseded by PVO-0022)","Revised Quay Wall Alignment at Amaala Yacht Club","2021-10-06","CANCELLED","CANCELLED","Y","N","N"," -0.0","0.0","0.0","0.0","0.0","0.0","0.0","0.0","0.0","0.0","0.0","0.0","9020000.0","0.0","0.0","9020000.0"," -9020000.0","0.0","9020000.0","0.0","0.0","0.0","0.0","0.0","0.0","0.0","0.0","0.0","0.0","0.0","0.0","0.0","0.0","0.0","0.0","0.0","0.0","0.0","0.0","0.0","0.0","0.0","0.0","0.0","0.0","0.0","0.0","0.0","0.0","0.0","0.0","Potential Variation Order","","","","","","",""
"031C02-PVO-0011","PR-1230728","Treating Additional Dewatering Discharge from RSMLI (DVO 11)","This PVO is raised for the Approved DVO No. 11 for the Treating Additional Dewatering Discharge from RSMLI (Additional Running Cost for the Settling Basin - RSMLI).","2023-04-19","APPROVED","APPROVED","N","N","N"," -0.0","0.0","0.0","0.0","0.0","0.0","0.0","0.0","0.0","0.0","0.0","0.0","1248574.8","0.0","0.0","1248574.8"," -1248574.8","0.0","1640998.8","0.0","1248574.8","0.0","0.0","0.0","0.0","0.0","0.0","0.0","0.0","0.0","0.0","0.0","0.0","0.0","0.0","0.0","0.0","0.0","0.0","0.0","0.0","0.0","0.0","0.0","0.0","0.0","1248574.8","0.0","0.0","0.0","1248574.8","Potential Variation Order","","","","","","",""
"031C02-PVO-0011#","","PS 1.15 - Permit Fees","PS 1.15 - Permit Fees","2021-12-16","PLANNING","PLANNING","Y","N","N"," -0.0","0.0","0.0","0.0","0.0","0.0","0.0","0.0","0.0","0.0","0.0","0.0","0.0","0.0","0.0","0.0","0.0","0.0","0.0","0.0","0.0","0.0","0.0","0.0","0.0","0.0","0.0","0.0","0.0","0.0","0.0","0.0","0.0","0.0","0.0","0.0","0.0","0.0","0.0","0.0","0.0","0.0","0.0","0.0","0.0","0.0","0.0","0.0","0.0","0.0","0.0","Potential Variation Order","","","","","","",""
"031C02-PVO-0012","","Conversion of Co-ordinates system","Conversion of Co-ordinates System","2021-12-16","PLANNING","PLANNING","Y","N","N"," -0.0","0.0","0.0","0.0","262000.0","0.0","0.0","262000.0","262000.0","0.0","0.0","0.0","262000.0","0.0","0.0","262000.0","0.0","0.0","262000.0","0.0","0.0","0.0","0.0","0.0","0.0","0.0","0.0","0.0","0.0","0.0","0.0","0.0","0.0","0.0","0.0","0.0","0.0","0.0","0.0","0.0","0.0","0.0","0.0","0.0","0.0","0.0","0.0","0.0","0.0","0.0","0.0","Potential Variation Order","","","","","","",""
"031C02-PVO-0013","","Red Sea Marine Life Institute Sea Barrier and working platform (Geotube)","Red Sea Marine Life Institute Sea Barrier and working platform (Geotube)","2021-12-16","PLANNING","PLANNING","Y","N","N"," -0.0","0.0","0.0","0.0","2439000.0","0.0","0.0","2439000.0","2439000.0","0.0","0.0","0.0","2439000.0","0.0","0.0","2439000.0","0.0","0.0","2439000.0","0.0","0.0","0.0","0.0","0.0","0.0","0.0","0.0","0.0","0.0","0.0","0.0","0.0","0.0","0.0","0.0","0.0","0.0","0.0","0.0","0.0","0.0","0.0","0.0","0.0","0.0","0.0","0.0","0.0","0.0","0.0","0.0","Potential Variation Order","","","","","","",""
"031C02-PVO-0014","PR-1230729","Diversion of Dewatering Pipeline to New Alignment Works for TB Marina (DVO 12)","This PVO is raised for the Approved DVO No. 12 for the Diversion of dewatering pipeline to new alignment Works for TB Marina.","2023-06-26","APPROVED","APPROVED","N","N","N"," -0.0","0.0","0.0","0.0","0.0","0.0","0.0","0.0","0.0","0.0","0.0","0.0","830182.63","0.0","0.0","830182.63"," -830182.63","0.0","830182.63","0.0","830182.63","0.0","0.0","0.0","0.0","0.0","0.0","0.0","0.0","0.0","0.0","0.0","0.0","0.0","0.0","0.0","0.0","0.0","0.0","0.0","0.0","0.0","0.0","0.0","0.0","0.0","830182.63","0.0","0.0","0.0","830182.63","Potential Variation Order","","","","","","",""
"031C02-PVO-0014#","","Village Boutique Hotel Temporary Causeway Bridge","Village Boutique Hotel Temporary Causeway Bridge","2021-12-16","PLANNING","PLANNING","Y","N","N"," -0.0","0.0","0.0","0.0","900000.0","0.0","0.0","900000.0","900000.0","0.0","0.0","0.0","900000.0","0.0","0.0","900000.0","0.0","0.0","900000.0","0.0","0.0","0.0","0.0","0.0","0.0","0.0","0.0","0.0","0.0","0.0","0.0","0.0","0.0","0.0","0.0","0.0","0.0","0.0","0.0","0.0","0.0","0.0","0.0","0.0","0.0","0.0","0.0","0.0","0.0","0.0","0.0","Potential Variation Order","","","","","","",""
"031C02-PVO-0015","","PVO 015 - Consultant's (WSP) Additional working hours (Al Saad)","This PVO is raised for approval of Consultant's (WSP) Additional working hours PVO  under the ALS Contract.

The cost associated with this PVO equates to Negative SAR  159,036.00","2023-08-07","CANCELLED","CANCELLED","N","N","N"," -0.0","0.0","0.0","0.0","0.0","0.0","0.0","0.0","0.0","0.0","0.0","0.0"," -159036.0"," -0.0","0.0"," -159036.0","159036.0","0.0"," -159036.0","0.0","0.0","0.0","0.0","0.0","0.0","0.0","0.0","0.0","0.0","0.0","0.0","0.0","0.0","0.0","0.0","0.0","0.0","0.0","0.0","0.0","0.0","0.0","0.0","0.0","0.0","0.0","0.0","0.0","0.0","0.0","0.0","Potential Variation Order","","","","","","",""
"031C02-PVO-0016","EI-09 (PR 1220400)","Revision to Health & Safety Standards (EI-09)","Revision to Health & Safety Standards (EI-09)","2022-08-28","APPROVED","APPROVED","Y","N","N"," -0.0","0.0","0.0","0.0","0.0","0.0","0.0","0.0","0.0","0.0","0.0","0.0","1279572.0","0.0","0.0","1279572.0"," -1279572.0","0.0","1279572.0","0.0","0.0","0.0","0.0","0.0","0.0","0.0","0.0","0.0","0.0","0.0","0.0","0.0","0.0","0.0","0.0","0.0","0.0","0.0","0.0","0.0","0.0","0.0","0.0","0.0","0.0","0.0","1279572.0","0.0","0.0","0.0","1279572.0","Potential Variation Order","","","","","","",""
"031C02-PVO-0018","PR 1230865 (Alsaad)","PVO 018 ALS Aretelia Additional Design-Low Flushing Rate","This PVO is raised for approval of the additional Design for Low Flushing Rate (by Aretelia) under the Alsaad Contract.
The cost associated with this PVO equates to SAR 268,897.22. It is proposed to fund this PVO from 1TB01031.01.CN.98 (The Marina-CN Budget Hold).","2023-10-29","APPROVED","APPROVED","N","N","N"," -0.0","0.0","0.0","0.0","0.0","0.0","0.0","0.0","0.0","0.0","0.0","0.0","268897.22","0.0","0.0","268897.22"," -268897.22","0.0","268897.22","0.0","0.0","0.0","0.0","0.0","0.0","0.0","0.0","0.0","0.0","0.0","0.0","0.0","0.0","0.0","0.0","0.0","0.0","0.0","0.0","0.0","0.0","0.0","0.0","0.0","0.0","0.0","268897.22","0.0","0.0","0.0","268897.22","Potential Variation Order","","","","","","",""
"031C02-PVO-0019","EI-28","Off-Hiring of Services for the Vehicles","Off – Hiring of services for the vehicles from the contractor's scope.","2023-08-29","APPROVED","APPROVED","N","N","N"," -0.0","0.0","0.0","0.0","0.0","0.0","0.0","0.0","0.0","0.0","0.0","0.0"," -331324.4"," -0.0","0.0"," -331324.4","331324.4","0.0"," -443738.0","0.0"," -331324.4","0.0","0.0","0.0","0.0","0.0","0.0","0.0","0.0","0.0","0.0","0.0","0.0","0.0","0.0","0.0","0.0","0.0","0.0","0.0","0.0","0.0","0.0","0.0","0.0","0.0"," -331324.4","0.0","0.0","0.0"," -331324.4","Potential Variation Order","","","","","","",""
"031C02-PVO-0020","EI-05 (PR 1220401)","Reverting back to the Original Marina Basin Design Layout (EI-05)","Reverting back to the Original Marina Basin Design Layout (EI-05)","2022-09-08","APPROVED","APPROVED","Y","N","N"," -0.0","0.0","0.0","0.0","0.0","0.0","0.0","0.0","0.0","0.0","0.0","0.0","711934.15","0.0","0.0","711934.15"," -711934.15","0.0","711934.15","0.0","0.0","0.0","0.0","0.0","0.0","0.0","0.0","0.0","0.0","0.0","0.0","0.0","0.0","0.0","0.0","0.0","0.0","0.0","0.0","0.0","0.0","0.0","0.0","0.0","0.0","0.0","711934.15","0.0","0.0","0.0","711934.15","Potential Variation Order","","","","","","",""
"031C02-PVO-0022","EI-11 (PR 1220403) (DVO 5a)","Revised Alignment for the Yacht Club Quay Wall (EI-11)","Revised Alignment for the Yacht Club Quay Wall (EI-11)","2022-10-09","APPROVED","APPROVED","Y","N","N"," -0.0","0.0","0.0","0.0","0.0","0.0","0.0","0.0","0.0","0.0","0.0","0.0","9934922.81","0.0","0.0","9934922.81"," -9934922.81","0.0","9934922.81","0.0","0.0","0.0","0.0","0.0","0.0","0.0","0.0","0.0","0.0","0.0","0.0","0.0","0.0","0.0","0.0","0.0","0.0","0.0","0.0","0.0","0.0","0.0","0.0","0.0","0.0","0.0","9934922.81","0.0","0.0","0.0","9934922.81","Potential Variation Order","","","","","","",""
"031C02-PVO-0022B","1230833 (DVO 5b)","Revised Alignment for the Yacht Club Quay Wall - Part B (PS Porte Cochere)  (PVO-22B/EI-011B)","Revised Alignment for the Yacht Club Quay Wall - Part B (PS Porte Cochere) PVO-022/EI-11","2022-10-09","APPROVED","APPROVED","N","N","N"," -0.0","0.0","0.0","0.0","0.0","0.0","0.0","0.0","0.0","0.0","0.0","0.0","2396767.78","0.0","0.0","2396767.78"," -2396767.78","0.0","2396767.78","0.0","2396767.78","0.0","0.0","0.0","0.0","0.0","0.0","0.0","0.0","0.0","0.0","0.0","0.0","0.0","0.0","0.0","0.0","0.0","0.0","0.0","0.0","0.0","0.0","0.0","0.0","0.0","2396767.78","0.0","0.0","0.0","2396767.78","Potential Variation Order","","","","","","",""
"031C02-PVO-0025","WF-010296 (1TB01031-031C02- AMA-PVO-CM-0028)/ PR 1230914","Conversion of Coordinates System from TRMSD to SANSRS","The Design and Build Marina Basin Project Contract executed in November 2020 calls for the design to be produced in TMRSD Coordinates. As per the Council of Minister’s decision No. 90
(dated 5/2/1442 H) and to support the General Authority for Survey and Geospatial Information (GASGI) mandate to introduce a common reference and survey system for all national
geospatial products in Saudi Arabia, AMAALA to authorise WSP to instruct Alsaad to convert the design coordinates system to SANSRS in the Marin Basin Project.

Furthermore, WSP has approved the Marina Basin Layout in the SANSRS coordinates system (1TB1031-031C02-ALS-XX-XXDWG-MR-40050 Rev. 05) under Aconex mail reference
WSP01031-WTRAN-008075 dated 21 May 2023. As such, Alsaad shall be basing its design works on alignment and dimensions per this approved layout.","2023-12-02","APPROVED","APPROVED","N","N","N"," -0.0","0.0","0.0","0.0","0.0","0.0","0.0","0.0","0.0","0.0","0.0","0.0","226460.8","0.0","0.0","226460.8"," -226460.8","0.0","226460.8","0.0","0.0","0.0","0.0","0.0","0.0","0.0","0.0","0.0","0.0","0.0","0.0","0.0","0.0","0.0","0.0","0.0","0.0","0.0","0.0","0.0","0.0","0.0","0.0","0.0","0.0","0.0","226460.8","0.0","0.0","0.0","226460.8","Potential Variation Order","","","","","","",""
"031C02-PVO-0026","PR 1240236 (Alsaad)","PVO 026 Additional Services for Design and Engineering for Fixed Decks Works","This PVO is raised for approval of the additional Services for Design and Engineering for Fixed Deck Work in Berthing (by Aretelia) under the Alsaad Contract.
The cost associated with this PVO equates to SAR 1,800,000.00. It is proposed to fund this PVO from 1TB01031.01.CN.98 (The Marina-CN Budget Hold).","2023-09-26","APPROVED","APPROVED","N","N","N"," -0.0","0.0","0.0","0.0","0.0","0.0","0.0","0.0","0.0","0.0","0.0","0.0","2582080.0","0.0","0.0","2582080.0"," -2582080.0","0.0","2582080.0","0.0","0.0","0.0","0.0","0.0","0.0","0.0","0.0","0.0","0.0","0.0","0.0","0.0","0.0","0.0","0.0","0.0","0.0","0.0","0.0","0.0","0.0","0.0","0.0","0.0","0.0","0.0","2582080.0","0.0","0.0","0.0","2582080.0","Potential Variation Order","","","","","","",""
"031C02-PVO-0027","EI - 013 (PR 1230560)","031C02-PVO-0027 - Geo Bags (RSMLI and Hijaz Island)","As per the approved Potential Variation Order via AMA01031-WTRAN-001662, this change event has been created for the approval process.","2023-04-16","APPROVED","APPROVED","N","N","N"," -0.0","0.0","0.0","0.0","0.0","0.0","0.0","0.0","0.0","0.0","0.0","0.0","1.0855783E7","0.0","0.0","1.0855783E7"," -1.0855783E7","0.0","1.085578221E7","0.0","1.0855783E7","0.0","0.0","0.0","0.0","0.0","0.0","0.0","0.0","0.0","0.0","0.0","0.0","0.0","0.0","0.0","0.0","0.0","0.0","0.0","0.0","0.0","0.0","0.0","0.0","0.0","1.0855783E7","0.0","0.0","0.0","1.0855783E7","Potential Variation Order","","","","","","",""
"031C02-PVO-0029","EI-14","Omission of the Dry Stack (DVO 007/ EI-14)","This PVO is raised for approval to omit the Dry Stack in the Marina Basin under Alsaad original contract.
The cost associated with this PVO equates to -SAR 6,014,582.04 (negative).","2022-10-09","APPROVED","APPROVED","N","N","N"," -0.0","0.0","0.0","0.0","0.0","0.0","0.0","0.0","0.0","0.0","0.0","0.0"," -6014582.04"," -0.0","0.0"," -6014582.04","6014582.04","0.0"," -6014582.04","0.0","0.0","0.0","0.0","0.0","0.0","0.0","0.0","0.0","0.0","0.0","0.0","0.0","0.0","0.0","0.0","0.0","0.0","0.0","0.0","0.0","0.0","0.0","0.0","0.0","0.0","0.0"," -6014582.04","0.0","0.0","0.0"," -6014582.04","Potential Variation Order","","","","","","",""
"031C02-PVO-0030","PR 1240210","PVO 030 - ALS - Change In Construction Methodology - Main Access Channel Dry Excavation (DVO 19)","This PVO is raised for approval of Change In Construction Methodology - Main Access Channel Dry Excavation - DVO 19 under the ALS Contract.

The cost associated with this DVO  equates to SAR  856,780.47.","2024-02-20","APPROVED","APPROVED","N","N","N"," -0.0","0.0","0.0","0.0","0.0","0.0","0.0","0.0","0.0","0.0","0.0","0.0","856780.4699999988","0.0","0.0","856780.4699999988"," -856780.4699999988","0.0","856780.4699999988","0.0","0.0","0.0","0.0","0.0","0.0","0.0","0.0","0.0","0.0","0.0","0.0","0.0","0.0","0.0","0.0","0.0","0.0","0.0","0.0","0.0","0.0","0.0","0.0","0.0","0.0","0.0","856780.4699999988","0.0","0.0","0.0","856780.4699999988","Potential Variation Order","","","","","","",""
"031C02-PVO-0031","EI-16 (PR 1220412)","Revised Alignment at North Side Quay Wall (EI-16)","Revised Alignment at North Side Quay Wall (EI-16)","2022-05-24","APPROVED","APPROVED","Y","N","N"," -0.0","0.0","0.0","0.0","0.0","0.0","0.0","0.0","0.0","0.0","0.0","0.0","1220429.97","0.0","0.0","1220429.97"," -1220429.97","0.0","1246095.62","0.0","1220429.97","0.0","0.0","0.0","0.0","0.0","0.0","0.0","0.0","0.0","0.0","0.0","0.0","0.0","0.0","0.0","0.0","0.0","0.0","0.0","0.0","0.0","0.0","0.0","0.0","0.0","1220429.97","0.0","0.0","0.0","1220429.97","Potential Variation Order","","","","","","",""
"031C02-PVO-0032","EI-18 (PR 1230935)","PVO 0032 Revised Alignment and Hybrid Wall Cross section at Marina Entrance Channel (EI-018)","This PVO is raised for approval of the Revised Alignment and Hybrid Wall Cross section at Marina Entrance Channel (EI-018) under the Alsaad Contract.
The cost associated with this PVO equates to +SAR 19,133,355.21. It is proposed to fund this PVO from 1TB01031.01.CN.98 (The Marina-CN Budget Hold).","2023-12-03","APPROVED","APPROVED","N","N","N"," -0.0","0.0","0.0","0.0","0.0","0.0","0.0","0.0","0.0","0.0","0.0","0.0","1.913335521E7","0.0","0.0","1.913335521E7"," -1.913335521E7","0.0","1.913335522E7","0.0","1.913335521E7","0.0","0.0","0.0","0.0","0.0","0.0","0.0","0.0","0.0","0.0","0.0","0.0","0.0","0.0","0.0","0.0","0.0","0.0","0.0","0.0","0.0","0.0","0.0","0.0","0.0","1.913335521E7","0.0","0.0","0.0","1.913335521E7","Potential Variation Order","","","","","","",""
"031C02-PVO-0035","EI-17","PVO 35 - Implement revised approved Quay Wall alignment at North Quay wall at RSMLI location of Marina Basin","This PVO is raised for approval of Implement revised approved Quay Wall alignment at North Quay wall at RSMLI location of Marina Basin ( Al Saad) DVO  under the ALS Contract.

The cost associated with this PVO equates to Negative SAR  14,119,631.78","2023-12-12","APPROVED","APPROVED","N","N","N"," -0.0","0.0","0.0","0.0","0.0","0.0","0.0","0.0","0.0","0.0","0.0","0.0"," -1.411963178E7"," -0.0","0.0"," -1.411963178E7","1.411963178E7","0.0"," -9786509.5","0.0"," -1.411963178E7","0.0","0.0","0.0","0.0","0.0","0.0","0.0","0.0","0.0","0.0","0.0","0.0","0.0","0.0","0.0","0.0","0.0","0.0","0.0","0.0","0.0","0.0","0.0","0.0","0.0"," -1.411963178E7","0.0","0.0","0.0"," -1.411963178E7","Potential Variation Order","","","","","","",""
"031C02-PVO-0039","EI- 30 (PR 1230807)","Supply and Delivery of Steel Tubular Piles  (PVO-039/EI-030)","Supply and Delivery of Steel Tubular Piles  (PVO-039/EI-030)","2023-09-29","APPROVED","APPROVED","N","N","N"," -0.0","0.0","0.0","0.0","0.0","0.0","0.0","0.0","0.0","0.0","0.0","0.0","1.169014991E7","0.0","0.0","1.169014991E7"," -1.169014991E7","0.0","1.176102856E7","0.0","1.169014991E7","0.0","0.0","0.0","0.0","0.0","0.0","0.0","0.0","0.0","0.0","0.0","0.0","0.0","0.0","0.0","0.0","0.0","0.0","0.0","0.0","0.0","0.0","0.0","0.0","0.0","1.169014991E7","0.0","0.0","0.0","1.169014991E7","Potential Variation Order","","","","","","",""
"031C02-PVO-0041","PR 1230870 (Alsaad)","PVO 041 Additional Blocks for LSS Sleeves-Al Saad","This PVO is raised for approval of the additional blocks for LSS Pipes Sleeves under the Alsaad Contract.
The cost associated with this PVO equates to SAR 35,213.40. It is proposed to fund this PVO from 1TB01031.01.CN.98 (The Marina-CN Budget Hold).","2023-10-29","APPROVED","APPROVED","N","N","N"," -0.0","0.0","0.0","0.0","0.0","0.0","0.0","0.0","0.0","0.0","0.0","0.0","35213.4","0.0","0.0","35213.4"," -35213.4","0.0","35213.4","0.0","0.0","0.0","0.0","0.0","0.0","0.0","0.0","0.0","0.0","0.0","0.0","0.0","0.0","0.0","0.0","0.0","0.0","0.0","0.0","0.0","0.0","0.0","0.0","0.0","0.0","0.0","35213.4","0.0","0.0","0.0","35213.4","Potential Variation Order","","","","","","",""
"031C02-PVO-0042","WF-010160 (1TB01031-031C02-AMA-PVO-CM-0026)/ PR 1230918","PVO-42 Additional Piles at QW-5 Shoring","Additional Piles to be installed at AYC- Quay Wall-5 location to accommodate the additional length of shoring system required due to change in layout of the AYC foundation piles.","2023-11-16","APPROVED","APPROVED","N","N","N"," -0.0","0.0","0.0","0.0","0.0","0.0","0.0","0.0","0.0","0.0","0.0","0.0","1143018.73","0.0","0.0","1143018.73"," -1143018.73","0.0","1143018.73","0.0","0.0","0.0","0.0","0.0","0.0","0.0","0.0","0.0","0.0","0.0","0.0","0.0","0.0","0.0","0.0","0.0","0.0","0.0","0.0","0.0","0.0","0.0","0.0","0.0","0.0","0.0","1143018.73","0.0","0.0","0.0","1143018.73","Potential Variation Order","","","","","","",""
"031C02-PVO-0044","EI - 35","Additional deployment of the resources to mitigate the current delay by Marina Basin Contrator ( Al Saad)","This PVO is raised for approval of  Additional deployment of the resources to mitigate the current delay by Marina Basin Contrator ( Al Saad) DVO  under the ALS Contract.

The cost associated with this PVO equates to Negative SAR  9,791,105.68.","2023-11-16","APPROVED","APPROVED","N","N","N"," -0.0","0.0","0.0","0.0","0.0","0.0","0.0","0.0","0.0","0.0","0.0","0.0"," -9791105.68"," -0.0","0.0"," -9791105.68","9791105.68","0.0"," -1.02203033E7","0.0"," -9791105.68","0.0","0.0","0.0","0.0","0.0","0.0","0.0","0.0","0.0","0.0","0.0","0.0","0.0","0.0","0.0","0.0","0.0","0.0","0.0","0.0","0.0","0.0","0.0","0.0","0.0"," -9791105.68","0.0","0.0","0.0"," -9791105.68","Potential Variation Order","","","","","","",""
"031C02-PVO-0047","PR 1240211","PVO 047- ALS - Change In Labour Accommodation Rate","This PVO is raised for approval of Change In Labour Accommodation Rate PVO under the ALS Contract.

The cost associated with this PVO equates to SAR  4,724,853.12.","2024-02-05","APPROVED","APPROVED","N","N","N"," -0.0","0.0","0.0","0.0","0.0","0.0","0.0","0.0","0.0","0.0","0.0","0.0","4144608.0","0.0","0.0","4144608.0"," -4144608.0","0.0","4724853.12","0.0","4144608.0","0.0","0.0","0.0","0.0","0.0","0.0","0.0","0.0","0.0","0.0","0.0","0.0","0.0","0.0","0.0","0.0","0.0","0.0","0.0","0.0","0.0","0.0","0.0","0.0","0.0","4144608.0","0.0","0.0","0.0","4144608.0","Potential Variation Order","","","","","","",""
"031C02-PVO-0049","PR 1240212","PVO 049- ALS - Sea Water Intake Structure","This PVO is raised for approval of  Sea Water Intake Structure PVO under the ALS Contract.

The cost associated with this PVO equates to SAR  349,333.26.","2024-02-28","APPROVED","APPROVED","N","N","N"," -0.0","0.0","0.0","0.0","0.0","0.0","0.0","0.0","0.0","0.0","0.0","0.0","327221.92","0.0","0.0","327221.92"," -327221.92","0.0","349333.26","0.0","327221.92","0.0","0.0","0.0","0.0","0.0","0.0","0.0","0.0","0.0","0.0","0.0","0.0","0.0","0.0","0.0","0.0","0.0","0.0","0.0","0.0","0.0","0.0","0.0","0.0","0.0","327221.92","0.0","0.0","0.0","327221.92","Potential Variation Order","","","","","","",""
"031C02-PVO-0050","","Extended Working Hours Of Supervision for Al Saad by WSP (Feb-23 to Jan-24)","This PVO is raised for approval of Extended Working Hours Of Supervision for Al Saad by WSP (Feb-23 to Jan-24) PVO  under the ALS Contract.

The cost associated with this PVO equates to Negative SAR  700,459.45","2024-02-21","APPROVED","APPROVED","N","N","N"," -0.0","0.0","0.0","0.0","0.0","0.0","0.0","0.0","0.0","0.0","0.0","0.0"," -700459.45"," -0.0","0.0"," -700459.45","700459.45","0.0"," -700459.45","0.0","0.0","0.0","0.0","0.0","0.0","0.0","0.0","0.0","0.0","0.0","0.0","0.0","0.0","0.0","0.0","0.0","0.0","0.0","0.0","0.0","0.0","0.0","0.0","0.0","0.0","0.0"," -700459.45","0.0","0.0","0.0"," -700459.45","Potential Variation Order","","","","","","",""
"031C02-PVO-0052","PR - 1240329","PVO 52 - Additional Running Cost for the Settling Basin - RSMLI, MLH & MH3","This PVO is raised for approval of  Additional Running Cost for the Settling Basin - RSMLI, MLH & MH3 PVO  under the ALS Contract.

The cost associated with this PVO equates to SAR 2,971,444.20","2024-03-28","APPROVED","APPROVED","N","N","N"," -0.0","0.0","0.0","0.0","0.0","0.0","0.0","0.0","0.0","0.0","0.0","0.0","2696744.1","0.0","0.0","2696744.1"," -2696744.1","0.0","2971444.2","0.0","2696744.1","0.0","0.0","0.0","0.0","0.0","0.0","0.0","0.0","0.0","0.0","0.0","0.0","0.0","0.0","0.0","0.0","0.0","0.0","0.0","0.0","0.0","0.0","0.0","0.0","0.0","2696744.1","0.0","0.0","0.0","2696744.1","Potential Variation Order","","","","","","",""
"031C02-PVO-0053","PR 1240428","PVO 053- ALS - Supply and Delivery of the Precast Element for Fixed Jetties Package","This PVO is raised for approval of ""Extending the Service of Treating Dewatering Discharge from RSMLI, MLH & MH-3"" PVO under the ALS Contract.

The cost associated with this PVO equates to SAR  1,194,688.99","2024-05-21","APPROVED","APPROVED","N","N","N"," -0.0","0.0","0.0","0.0","0.0","0.0","0.0","0.0","0.0","0.0","0.0","0.0","4900000.0","0.0","0.0","4900000.0"," -4900000.0","0.0","4900000.0","0.0","0.0","0.0","0.0","0.0","0.0","0.0","0.0","0.0","0.0","0.0","0.0","0.0","0.0","0.0","0.0","0.0","0.0","0.0","0.0","0.0","0.0","0.0","0.0","0.0","0.0","0.0","4900000.0","0.0","0.0","0.0","4900000.0","Potential Variation Order","","","","","","",""
"031C02-PVO-0055","PR 1240536","PVO-55 - Extending the Service of Treating Dewatering Discharge from RSMLI, MLH & MH-3 for the month of May-24 & June-24","Extending the Service of Treating Dewatering Discharge from RSMLI, MLH & MH-3
The Approved Employer's Instruction-EI40 for managing the dewatering discharge from ongoing
construction atRSMLI, MLH, and MH3 by the Marina Basin contractor AL Saad is scheduled to
end in April 2024
There was a directive to engage directly with Action for appointment under RSG. However, Action’s
quotation was nearly twice that of ALS.
ALS’s contract has been extended by two months due to the award of the precast elements.
Although not apermanent solution, this extension allows RSG to continue utilizing ALS's current
dewatering discharge rates for an additional two months.
This PVO proposes the extension of the dewatering discharge treatment facility's use, owned by
Marina Basincontractor Al Saad, to other assets of the TB-Amaala Project for the months of May
and June 2024. Inaccordance with NCEC requirements for Red Sea Projects, dewatering discharge
water is required to betreated prior to its release into the sea","2024-05-30","APPROVED","APPROVED","N","N","N"," -0.0","0.0","0.0","0.0","0.0","0.0","0.0","0.0","0.0","0.0","0.0","0.0","1194688.99","0.0","0.0","1194688.99"," -1194688.99","0.0","1194688.99","0.0","0.0","0.0","0.0","0.0","0.0","0.0","0.0","0.0","0.0","0.0","0.0","0.0","0.0","0.0","0.0","0.0","0.0","0.0","0.0","0.0","0.0","0.0","0.0","0.0","0.0","0.0","1194688.99","0.0","0.0","0.0","1194688.99","Potential Variation Order","","","","","","",""
"031C02-PVO-0057","","PVO 057- ALS - Descoping Painting Work for Capping Beam","This PVO is raised for approval of Descoping Painting Work for Capping Beam.

The cost associated with this PVO equates to Negative SAR  729,346.27 and DVO -810,384.74","2024-06-06","APPROVED","APPROVED","N","N","N"," -0.0","0.0","0.0","0.0","0.0","0.0","0.0","0.0","0.0","0.0","0.0","0.0"," -810384.74"," -0.0","0.0"," -810384.74","810384.74","0.0"," -729346.27","0.0"," -810384.74","0.0","0.0","0.0","0.0","0.0","0.0","0.0","0.0","0.0","0.0","0.0","0.0","0.0","0.0","0.0","0.0","0.0","0.0","0.0","0.0","0.0","0.0","0.0","0.0","0.0"," -810384.74","0.0","0.0","0.0"," -810384.74","Potential Variation Order","","","","","","",""
"031C02-PVO-0058","","PVO 058- ALS - Remove the Cost of Accommodation from Current Al Saad Contract","This PVO is raised for approval of Removing the Cost of Accommodation from Current Al Saad Contract

The cost associated with this PVO equates to Negative SAR  15,809,286.06","2024-06-09","CANCELLED","CANCELLED","N","N","N"," -0.0","0.0","0.0","0.0","0.0","0.0","0.0","0.0","0.0","0.0","0.0","0.0"," -1.580928606E7"," -0.0","0.0"," -1.580928606E7","1.580928606E7","0.0"," -1.580928606E7","0.0","0.0","0.0","0.0","0.0","0.0","0.0","0.0","0.0","0.0","0.0","0.0","0.0","0.0","0.0","0.0","0.0","0.0","0.0","0.0","0.0","0.0","0.0","0.0","0.0","0.0","0.0","0.0","0.0","0.0","0.0","0.0","Potential Variation Order","","","","","","",""
"031C02-PVO-0060","PR 1241106","PVO-060 - Treating Dewatering Discharge from RSMLI, MLH & MH-3 from July-Dec 2024","PVO-060 - Treating Dewatering Discharge from RSMLI, MLH & MH-3 from July-Dec 2024

Approval is requested to assign the operation and maintenance of dewatering discharge
treatment at the Marina Asset to M/s Al Saad General Contracting Company, the current
Marina Basin contractor, for the period from July 2024 to December 2024. Upon
approval, the Commercial team will process a Variation Order to formalize this scope of
work.

At present, Al Saad, through its sub-contractor M/s ACTION, is responsible for dewatering
discharge treatment under the TB-Marina Basin Contract, which technically concluded on
June 19, 2024. However, a 103-day extension is being processed, with the revised contract
completion date expected to be September 30, 2024. Additionally, Al Saad has been
awarded the contract for the Fixed Jetty, extending its presence on the Marina Asset site
until February 2025.

A comparison of quotations between Al Saad and Action International Services LLC was
conducted. While Action International offered lower operational costs, their proposal
includes additional expenses for environmental surveys and higher demobilization costs,
which make Al Saad’s offer more competitive overall.

Based on the commercial assessment, approval is sought to award the contract to Al
Saad for continued dewatering discharge treatment from July 2024 to December 2024","2024-10-31","APPROVED","APPROVED","N","N","N"," -0.0","0.0","0.0","0.0","0.0","0.0","0.0","0.0","0.0","0.0","0.0","0.0","4909437.36","0.0","0.0","4909437.36"," -4909437.36","0.0","5315733.36","0.0","4909437.36","0.0","0.0","0.0","0.0","0.0","0.0","0.0","0.0","0.0","0.0","0.0","0.0","0.0","0.0","0.0","0.0","0.0","0.0","0.0","0.0","0.0","0.0","0.0","0.0","0.0","4909437.36","0.0","0.0","0.0","4909437.36","Potential Variation Order","","","","","","",""
"031C02-PVO-0061","AMA01031-WTRAN-010049 WF-012864)","PVO 061 - Omitting the Scope of Work under Unrealised Provisional Sum","PVO 061 - Omitting the Scope of Work under Unrealised Provisional Sum

post-contract phase. The primary reasons for this include:
• Design modifications
• Changes in construction sequencing
• Adjustments to the scope of work
• Revisions to the General Arrangement and quay wall alignment

Amount negative SAR 73,112,772.07","2025-03-13","APPROVED","APPROVED","N","N","N"," -0.0","0.0","0.0","0.0","0.0","0.0","0.0","0.0","0.0","0.0","0.0","0.0"," -7.311277207E7"," -0.0","0.0"," -7.311277207E7","7.311277207E7","0.0"," -7.311277207E7","0.0","0.0","0.0","0.0","0.0","0.0","0.0","0.0","0.0","0.0","0.0","0.0","0.0","0.0","0.0","0.0","0.0","0.0","0.0","0.0","0.0","0.0","0.0","0.0","0.0","0.0","0.0"," -7.311277207E7","0.0","0.0","0.0"," -7.311277207E7","Potential Variation Order","","","","","","",""
"031C02-RFC-0004","EI-003/RFC-004","Additional Ground Investigation Information","Additional Ground Investigation Information","2021-02-07","PLANNING","PLANNING","Y","N","N"," -0.0","0.0","0.0","0.0","0.0","0.0","0.0","0.0","0.0","0.0","0.0","0.0","0.0","0.0","0.0","0.0","0.0","0.0","0.0","0.0","0.0","0.0","0.0","0.0","0.0","0.0","0.0","0.0","0.0","0.0","0.0","0.0","0.0","0.0","0.0","0.0","0.0","0.0","0.0","0.0","0.0","0.0","0.0","0.0","0.0","0.0","0.0","0.0","0.0","0.0","0.0","","","","","","","",""
"031C02-RFC-0005","EI-010/RFC-005","Change to Employer Arranged Accommodation Facilities","Change to Employer Arranged Accommodation Facilities","2021-09-26","PLANNING","PLANNING","Y","N","N"," -0.0","0.0","0.0","0.0","0.0","0.0","0.0","0.0","0.0","0.0","0.0","0.0"," -7250000.0"," -0.0","0.0"," -7250000.0","7250000.0","0.0"," -7250000.0","0.0","0.0","0.0","0.0","0.0","0.0","0.0","0.0","0.0","0.0","0.0","0.0","0.0","0.0","0.0","0.0","0.0","0.0","0.0","0.0","0.0","0.0","0.0","0.0","0.0","0.0","0.0","0.0","0.0","0.0","0.0","0.0","","","","","","","",""
"031C02-RFC-0013","RFC-013","Installation of GSM Tower - Option 1 Internet Speed Enhancement","Installation of GSM Tower - Option 1 Internet Speed Enhancement","2021-10-31","PLANNING","PLANNING","Y","N","N"," -0.0","0.0","0.0","0.0","0.0","0.0","0.0","0.0","0.0","0.0","0.0","0.0","0.0","0.0","0.0","0.0","0.0","0.0","0.0","0.0","0.0","0.0","0.0","0.0","0.0","0.0","0.0","0.0","0.0","0.0","0.0","0.0","0.0","0.0","0.0","0.0","0.0","0.0","0.0","0.0","0.0","0.0","0.0","0.0","0.0","0.0","0.0","0.0","0.0","0.0","0.0","","","","","","","",""
"031C02-RFC-0016","EI-009/RFC-016","HSE Policies and Documents (Superseded by PVO-0016)","HSE Policies and Documents","2021-09-02","CANCELLED","CANCELLED","Y","N","N"," -0.0","0.0","0.0","0.0","0.0","0.0","0.0","0.0","0.0","0.0","0.0","0.0","982000.0","0.0","0.0","982000.0"," -982000.0","0.0","982000.0","0.0","0.0","0.0","0.0","0.0","0.0","0.0","0.0","0.0","0.0","0.0","0.0","0.0","0.0","0.0","0.0","0.0","0.0","0.0","0.0","0.0","0.0","0.0","0.0","0.0","0.0","0.0","0.0","0.0","0.0","0.0","0.0","","","","","","","",""
"031C03-BTR-0001","","Budget Transfer from 1TB01031.01.CN.031C03.00 to 1TB01031.01.CN.98","The Final Account for JVD TB Marina Early Contractor Involvement Services (PO 2200317) is already concluded with the Contractor at SAR 3,995,140.00 resulting to +SAR 69,750.00 surplus budget.

Accordingly, this budget transfer is raised for approval to transfer this surplus budget (from 1TB01031.01.CN.031C03.00) to Construction Budget Hold (to 1TB01031.01.CN.98).","2022-09-05","APPROVED","APPROVED","N","N","N"," -69750.0","69750.0","0.0","0.0","0.0","0.0","0.0","69750.0","0.0","0.0","0.0","0.0","69750.0","0.0","0.0","69750.0","0.0","69750.0","69750.0","0.0","0.0","0.0","0.0","0.0","0.0","0.0","69750.0","0.0","0.0","0.0","69750.0","0.0","0.0","0.0","0.0","0.0","0.0","0.0","69750.0","0.0","0.0","0.0","0.0","0.0","0.0","0.0","69750.0","0.0","0.0","0.0","0.0","Potential Variation Order","","","","","","",""
"031C04-BTR-0001","","Budget Transfer - Final Account Statement (from 1TB01031.01.CN.031C04.01 to 1TB01031.01.CN.98 )","This Budget Transfer is raised for approval following approved Final Account Statement (FAS) for PO 2200512 Five Oceans Environmental Services LLC.

It is proposed to transfer the balance budget in the amount of SAR 0.25 from 1TB01031.01.CN.031C04.01 to 1TB01031.01.CN.98 - CN Budget Hold.","2022-08-08","APPROVED","APPROVED","N","N","N"," -0.25","0.25","0.0","0.0","0.0","0.0","0.0","0.25","0.0","0.0","0.0","0.0","0.25","0.0","0.0","0.25","0.0","0.25","0.25","0.0","0.0","0.0","0.0","0.0","0.0","0.0","0.25","0.0","0.0","0.0","0.25","0.0","0.0","0.0","0.0","0.0","0.0","0.0","0.25","0.0","0.0","0.0","0.0","0.0","0.0","0.0","0.25","0.0","0.0","0.0","0.0","","","","","","","",""
"031C05-BTR-0001","CI-002/RFC-003","Budget Transfer from 1TB01031.01.CN.98 to 1TB01031.01.CN.031C05.02","Budget Transfer from 1TB01031.01.CN.98 to 1TB01031.01.CN.031C05.02 for DVO 003- EOT at Triple Bay","2022-01-24","APPROVED","APPROVED","N","N","N"," -352372.5","352372.5","0.0","0.0","0.0","0.0","0.0","352372.5","0.0","0.0","0.0","0.0","352372.5","0.0","0.0","352372.5","0.0","352372.5","352372.5","0.0","0.0","0.0","0.0","0.0","0.0","0.0","352372.5","0.0","0.0","0.0","352372.5","0.0","0.0","0.0","0.0","0.0","0.0","0.0","352372.5","0.0","0.0","0.0","0.0","0.0","0.0","0.0","352372.5","0.0","0.0","0.0","0.0","","","","","","","",""
"031C05-BTR-0002","","Budget Transfer from 1TB01031.01.CN.031C05.01 to 1TB01031.01.CN.031C05.02","Budget Transfer from TB01031.01.CN.031C05.01 to 1TB01031.01.CN.031C05.02 for PS of DVO 003- EOT at Triple Bay.
This BTR from PS to Variation is required to align Budget further to utilisation of Provisional Sum.","2022-09-13","APPROVED","APPROVED","N","N","N"," -195762.5","195762.5","0.0","0.0","0.0","0.0","0.0","195762.5","0.0","0.0","0.0","0.0","195762.5","0.0","0.0","195762.5","0.0","195762.5","195762.5","0.0","0.0","0.0","0.0","0.0","0.0","0.0","195762.5","0.0","0.0","0.0","195762.5","0.0","0.0","0.0","0.0","0.0","0.0","0.0","195762.5","0.0","0.0","0.0","0.0","0.0","0.0","0.0","195762.5","0.0","0.0","0.0","0.0","","","","","","","",""
"031C05-PVO-0002","RFC-002","Change of Frequency of Post Coral Relocation Monitoring Services TEST","1. As per Contract scope of service the post coral relocation monitoring services were scheduled six monthly over two years  for each of the 4 sites (i.e. 16 visits in total).  

2. As per direction form TRSDC Environmental this has been agreed to be changed to quarterly over a one year period (16 visits in total).

3. The current forecast for this change is at Nil Value.","2022-01-06","PLANNING","PLANNING","Y","N","N"," -0.0","0.0","0.0","0.0","0.0","0.0","0.0","0.0","0.0","0.0","0.0","0.0","0.0","0.0","0.0","0.0","0.0","0.0","0.0","0.0","0.0","0.0","0.0","0.0","0.0","0.0","0.0","0.0","0.0","0.0","0.0","0.0","0.0","0.0","0.0","0.0","0.0","0.0","0.0","0.0","0.0","0.0","0.0","0.0","0.0","0.0","0.0","0.0","0.0","0.0","0.0","Potential Variation Order","","","","","","",""
"031C05-PVO-0003","CI-002/RFC-0003","Extension of Time on Triple Bay","Extension of Time on Triple Bay","2022-01-24","APPROVED","APPROVED","N","N","N"," -0.0","0.0","0.0","0.0","0.0","0.0","0.0","0.0","0.0","0.0","0.0","0.0","352372.5","0.0","0.0","352372.5"," -352372.5","0.0","352372.5","0.0","0.0","0.0","0.0","0.0","0.0","0.0","0.0","0.0","0.0","0.0","0.0","0.0","0.0","0.0","0.0","0.0","0.0","0.0","0.0","0.0","0.0","0.0","0.0","0.0","0.0","0.0","352372.5","0.0","0.0","0.0","352372.5","Potential Variation Order","","","","","","",""
"031C10-BTR-0001","PR 1240357","BTR for MME Main Works","PART 1 This Budget Transfer is raised for approval to transfer budget for the Contract Award of MME Marine Engineering LLC - Design and Construction of Floting Pontoons for a The Marina at Amaala Triple Bay

The total budget to be transferred for the Contract Award is in the amount of 73,360,100 from 1TB01031.01.CN.98 - CN Budget Hold to 1TB01031.01.CN.031C10.00","2024-05-05","APPROVED","APPROVED","N","N","N"," -7.34101E7","7.34101E7","0.0","0.0","0.0","0.0","0.0","7.34101E7","0.0","0.0","0.0","0.0","7.34101E7","0.0","0.0","7.34101E7","0.0","7.34101E7","7.34101E7","0.0","0.0","0.0","0.0","0.0","0.0","0.0","7.34101E7","0.0","0.0","0.0","7.34101E7","0.0","0.0","0.0","0.0","0.0","0.0","0.0","7.34101E7","0.0","0.0","0.0","0.0","0.0","0.0","0.0","7.34101E7","0.0","0.0","0.0","0.0","","","","","","","",""
"031C10-BTR-0002","PR 1240357","BTR for MME Marine Engineering LLC - Provisional Sum","PART 2 This Budget Transfer is raised for approval to transfer budget for the Contract Award of MME Marine Engineering LLC - Design and Construction of Floting Pontoons for a The Marina at Amaala Triple Bay

The total budget to be transferred for the Contract Award is in the amount of 4,950,000.00 from 1TB01031.01.CN.98 - CN Budget Hold to 1TB01031.01.CN.031C10.01","2024-05-05","APPROVED","APPROVED","N","N","N"," -4950000.0","4950000.0","0.0","0.0","0.0","0.0","0.0","4950000.0","0.0","0.0","0.0","0.0","4950000.0","0.0","0.0","4950000.0","0.0","4950000.0","4950000.0","0.0","0.0","0.0","0.0","0.0","0.0","0.0","4950000.0","0.0","0.0","0.0","4950000.0","0.0","0.0","0.0","0.0","0.0","0.0","0.0","4950000.0","0.0","0.0","0.0","0.0","0.0","0.0","0.0","4950000.0","0.0","0.0","0.0","0.0","","","","","","","",""
"031C10-BTR-0003","PVO 01-P1","BTR for PVO 001 Revised GA, MEP and Landing Platforms for Pontoon System","BTR for PVO 001 Revised GA, MEP and Landing Platforms for Pontoon System 


Amount SAR (2,088,289.71)","2024-12-01","APPROVED","APPROVED","N","N","N"," -2088289.71","2088289.71","0.0","0.0","0.0","0.0","0.0","2088289.71","0.0","0.0","0.0","0.0","2088289.71","0.0","0.0","2088289.71","0.0","2088289.71","2088289.71","0.0","0.0","0.0","0.0","0.0","0.0","0.0","2088289.71","0.0","0.0","0.0","2088289.71","0.0","0.0","0.0","0.0","0.0","0.0","0.0","2088289.71","0.0","0.0","0.0","0.0","0.0","0.0","0.0","2088289.71","0.0","0.0","0.0","0.0","","","","","","","",""
"031C10-BTR-0004","PVO 01-P2","BTR for DVO 01 / PVO 001 Revised GA, MEP and Landing Platforms for Pontoon System","BTR for DVO 01 / PVO 001 Revised GA, MEP and Landing Platforms for Pontoon System

Approved PVO value negative SAR Amount (2,088,289.71) accordingly BTR has been approved. Now the Approved DVO value is negative SAR (3,284,823.81).

Therefore this BTR initiated to transfer the variance amount SAR 1,196,534.10 from Vendor's account to Budget Hold.","2025-01-14","APPROVED","APPROVED","N","N","N"," -1196534.1","1196534.1","0.0","0.0","0.0","0.0","0.0","1196534.1","0.0","0.0","0.0","0.0","1196534.1","0.0","0.0","1196534.1","0.0","1196534.1","1196534.1","0.0","0.0","0.0","0.0","0.0","0.0","0.0","1196534.1","0.0","0.0","0.0","1196534.1","0.0","0.0","0.0","0.0","0.0","0.0","0.0","1196534.1","0.0","0.0","0.0","0.0","0.0","0.0","0.0","1196534.1","0.0","0.0","0.0","0.0","","","","","","","",""
"031C10-BTR-0005","PVO 01","BTR for PVO 001 - Provision of Shade Structure & Seating Arrangement at Area-B","BTR for PVO 001 - Provision of Shade Structure & Seating Arrangement at Area-B

BTR amount SAR 982,650.00","2025-05-06","APPROVED","APPROVED","N","N","N"," -982650.0","982650.0","0.0","0.0","0.0","0.0","0.0","982650.0","0.0","0.0","0.0","0.0","982650.0","0.0","0.0","982650.0","0.0","982650.0","982650.0","0.0","0.0","0.0","0.0","0.0","0.0","0.0","982650.0","0.0","0.0","0.0","982650.0","0.0","0.0","0.0","0.0","0.0","0.0","0.0","982650.0","0.0","0.0","0.0","0.0","0.0","0.0","0.0","982650.0","0.0","0.0","0.0","0.0","","","","","","","",""
"031C10-BTR-0006","PVO 5","BTR for PVO 005 - Assigning Additional Scope of Floating Slipway to MME","BTR for PVO 005 - Assigning Additional Scope of Floating Slipway to MME

BTR amount SAR 1,079,158.00","2025-05-21","APPROVED","APPROVED","N","N","N"," -1079158.0","1079158.0","0.0","0.0","0.0","0.0","0.0","1079158.0","0.0","0.0","0.0","0.0","1079158.0","0.0","0.0","1079158.0","0.0","1079158.0","1079158.0","0.0","0.0","0.0","0.0","0.0","0.0","0.0","1079158.0","0.0","0.0","0.0","1079158.0","0.0","0.0","0.0","0.0","0.0","0.0","0.0","1079158.0","0.0","0.0","0.0","0.0","0.0","0.0","0.0","1079158.0","0.0","0.0","0.0","0.0","","","","","","","",""
"031C10-BTR-0007","PVO 5","BTR for PVO 003 - Omit Pump-Out from Fuel Dispensers &Add Fuel Pipeline Scope","BTR for PVO 003 - Omit Pump-Out from Fuel Dispensers &Add Fuel Pipeline Scope

BTR amount SAR 89,422.11","2025-05-21","APPROVED","APPROVED","N","N","N"," -89422.11","89422.11","0.0","0.0","0.0","0.0","0.0","89422.11","0.0","0.0","0.0","0.0","89422.11","0.0","0.0","89422.11","0.0","89422.11","89422.11","0.0","0.0","0.0","0.0","0.0","0.0","0.0","89422.11","0.0","0.0","0.0","89422.11","0.0","0.0","0.0","0.0","0.0","0.0","0.0","89422.11","0.0","0.0","0.0","0.0","0.0","0.0","0.0","89422.11","0.0","0.0","0.0","0.0","","","","","","","",""
"031C10-BTR-0008","PVO 4","BTR for PVO 004 - Utility Sleeves & Trenching on Capping Beam – Add Scope","BTR for PVO 004 - Utility Sleeves & Trenching on Capping Beam – Add Scope

BTR  amount SAR 1,563,673.33","2025-06-01","APPROVED","APPROVED","N","N","N"," -1563673.33","1563673.33","0.0","0.0","0.0","0.0","0.0","1563673.33","0.0","0.0","0.0","0.0","1563673.33","0.0","0.0","1563673.33","0.0","1563673.33","1563673.33","0.0","0.0","0.0","0.0","0.0","0.0","0.0","1563673.33","0.0","0.0","0.0","1563673.33","0.0","0.0","0.0","0.0","0.0","0.0","0.0","1563673.33","0.0","0.0","0.0","0.0","0.0","0.0","0.0","1563673.33","0.0","0.0","0.0","0.0","","","","","","","",""
"031C10-BTR-0009","","BTR for MME Marine Engineering -  PVO 007 - SAR 3,492,806.17","BTR for MME Marine Engineering -  PVO 007 - SAR 3,492,806.17","2025-09-15","APPROVED","APPROVED","N","N","N"," -3492806.17","3492806.17","0.0","0.0","0.0","0.0","0.0","3492806.17","0.0","0.0","0.0","0.0","3492806.17","0.0","0.0","3492806.17","0.0","3492806.17","3492806.17","0.0","0.0","0.0","0.0","0.0","0.0","0.0","3492806.17","0.0","0.0","0.0","3492806.17","0.0","0.0","0.0","0.0","0.0","0.0","0.0","3492806.17","0.0","0.0","0.0","0.0","0.0","0.0","0.0","3492806.17","0.0","0.0","0.0","0.0","","","","","","","",""
"031C10-BTR-0010","","BTR for PVO & DVO","BTR for PVO & DVO

01 - Approved PVO 002 - SAR 982,650.00 and DVO 02 - SAR 140,440.00 - Variance Amount SAR 842,210.00 

02 - Approved PVO 005 - SAR 1,079,158.00 	and DVO 05 - SAR 725,185.00 - Variance Amount SAR 353,973.00 

03 - Approved PVO 003 - SAR 89,422.11 and DVO 03 - Negative SAR (76,879.08) - Variance Amount SAR 166,301.19

Accordingly, the net BTR 
01 - SAR 76879.08 from Main account to CN BH
02 - SAR 1,285,605.11  from Variation to CN BH","2025-10-09","APPROVED","APPROVED","N","N","N"," -1362484.19","1362484.19","0.0","0.0","0.0","0.0","0.0","1362484.19","0.0","0.0","0.0","0.0","0.0","0.0","0.0","0.0","1362484.19","0.0","0.0","0.0","0.0","0.0","0.0","0.0","0.0","0.0","1362484.19","0.0","0.0","0.0","1362484.19","0.0","0.0","0.0","0.0","0.0","0.0","0.0","0.0","0.0","0.0","0.0","0.0","0.0","0.0","0.0","0.0","0.0","0.0","0.0","0.0","","","","","","","",""
"031C10-BTR-0011","PVO 010","BTR for PVO 010 - SAR 104,243.16","BTR for PVO 010 - SAR 104,243.16","2025-10-21","APPROVED","APPROVED","N","N","N"," -104243.16","104243.16","0.0","0.0","0.0","0.0","0.0","104243.16","0.0","0.0","0.0","0.0","104243.16","0.0","0.0","104243.16","0.0","104243.16","104243.16","0.0","0.0","0.0","0.0","0.0","0.0","0.0","104243.16","0.0","0.0","0.0","104243.16","0.0","0.0","0.0","0.0","0.0","0.0","0.0","104243.16","0.0","0.0","0.0","0.0","0.0","0.0","0.0","104243.16","0.0","0.0","0.0","0.0","","","","","","","",""
"031C10-BTR-0012","PVO 013","BTR for PVO 013 - SAR 417,097.08","BTR for PVO 013 - SAR 417,097.08","2025-12-08","APPROVED","APPROVED","N","N","N"," -417097.08","417097.08","0.0","0.0","0.0","0.0","0.0","417097.08","0.0","0.0","0.0","0.0","417097.08","0.0","0.0","417097.08","0.0","417097.08","417097.08","0.0","0.0","0.0","0.0","0.0","0.0","0.0","417097.08","0.0","0.0","0.0","417097.08","0.0","0.0","0.0","0.0","0.0","0.0","0.0","417097.08","0.0","0.0","0.0","0.0","0.0","0.0","0.0","417097.08","0.0","0.0","0.0","0.0","","","","","","","",""
"031C10-BTR-0013","","BTR required to align budget following error in BTR ref 1TB01031.01.CN.98-BTR-0007","BTR required to align budget following error in BTR ref 1TB01031.01.CN.98-BTR-0007
CN budget hold to 031C10.02 SAR 129,885.17","2025-12-14","CANCELLED","CANCELLED","N","N","N"," -129885.17","129885.17","0.0","0.0","0.0","0.0","0.0","129885.17","0.0","0.0","0.0","0.0","129885.17","0.0","0.0","129885.17","0.0","129885.17","129885.17","0.0","0.0","0.0","0.0","0.0","0.0","0.0","0.0","0.0","0.0","0.0","0.0","0.0","0.0","0.0","0.0","0.0","0.0","0.0","0.0","0.0","0.0","0.0","0.0","0.0","0.0","0.0","0.0","0.0","0.0","0.0","0.0","","","","","","","",""
"031C10-BTR-0014","PVO 015","BTR for PVO 015 - 1TB01031-AMA01031-RFC-000085 - Add Portable Peristaltic Pump for Marina Bilge Water System","PVO 015 - 1TB01031-AMA01031-RFC-000085 - Add Portable Peristaltic Pump for Marina Bilge Water System","2026-04-07","APPROVED","APPROVED","N","N","N"," -102326.45","102326.45","0.0","0.0","0.0","0.0","0.0","102326.45","0.0","0.0","0.0","0.0","0.0","0.0","0.0","0.0","102326.45","0.0","0.0","0.0","0.0","0.0","0.0","0.0","0.0","0.0","102326.45","0.0","0.0","0.0","102326.45","0.0","0.0","0.0","0.0","0.0","0.0","0.0","0.0","0.0","0.0","0.0","0.0","0.0","0.0","0.0","0.0","0.0","0.0","0.0","0.0","","","","","","","",""
"031C10-BTR-0015","PVO 017","BTR for PVO 017 - 1TB01031-AMA01031-RFC-000087 - Amaala Marina Navigation MBES Survey.","PVO 017 - 1TB01031-AMA01031-RFC-000087 - Amaala Marina Navigation MBES Survey SAR 195,440.28","2026-04-07","APPROVED","APPROVED","N","N","N"," -195440.28","195440.28","0.0","0.0","0.0","0.0","0.0","195440.28","0.0","0.0","0.0","0.0","0.0","0.0","0.0","0.0","195440.28","0.0","0.0","0.0","0.0","0.0","0.0","0.0","0.0","0.0","195440.28","0.0","0.0","0.0","195440.28","0.0","0.0","0.0","0.0","0.0","0.0","0.0","0.0","0.0","0.0","0.0","0.0","0.0","0.0","0.0","0.0","0.0","0.0","0.0","0.0","","","","","","","",""
"031C10-BTR-0016","","BTR required to align budget following error in BTR ref 1TB01031.01.CN.98-BTR-0007","1TB01031.01.CN.98-BTR-0007 refer following PVOs and DVOs

031C10 - MME Marine
01 - PVO 009 - Activation of Provisional Sum the Navigational Aid -Marina / DVO 007 - Amount Neg SAR DVO 1,141,564.60. It require 
- BTR SAR 1,858,435.40 from PS Account to Variation Account
- BTR SAR 1,141,564.60 from PS Account to Budget Hold

02 - PVO 011 - Implementation of Bilge Water System / DVO 009 . Amount SAR 138,986.00 require 
- BTR 138,986.00 from Budget Hold to Variation account

03 - PVO 012 - Addition of Five 20t Mooring Bollards on YCN Jetty . Amount SAR 17,750.00  require 
- BTR 17,750.00 from Budget Hold to Variation account

04 - PVO 007 - Amendments, Modifications, Additions, and Alterations to Employer's Requirement and Design SAR 3,492,806.17 and DVO 06 SAR 2,562,818.59. The variance SAR  929,987.58 require
- BTR 929,987.58  from Variation to Budget Hold

05 - PVO 004 - Utility Sleeves & Trenching on Capping Beam – Add Scope SAR 1,563,673.33 and DVO 04 SAR 608,374.68. The variance SAR  955,298.65 require
- BTR 955,298.65 from Variation to Budget Hold

Accordingly 
BTR A - Net BTR amount SAR 129,885.17 Transfer from PS Account to VO
BTR B- Net BTR amount SAR 2,870,114.83 transfer from PS account to BH

Issue Identified
The BTR Part A (SAR 129,885.17), which should have been transferred from PS Account to Variation Account, has instead been incorrectly transferred to Budget Hold.


Required Action
Kindly arrange to correct the transaction by:
Transferring SAR 129,885.17
from Budget Hold (1TB01031.01.CN.98)
to MME Variation Account (031C10.02)","2026-04-14","APPROVED","APPROVED","N","N","N"," -129885.17","129885.17","0.0","0.0","0.0","0.0","0.0","129885.17","0.0","0.0","0.0","0.0","0.0","0.0","0.0","0.0","129885.17","0.0","0.0","0.0","0.0","0.0","0.0","0.0","0.0","0.0","129885.17","0.0","0.0","0.0","129885.17","0.0","0.0","0.0","0.0","0.0","0.0","0.0","0.0","0.0","0.0","0.0","0.0","0.0","0.0","0.0","0.0","0.0","0.0","0.0","0.0","","","","","","","",""
"031C10-BTR-0017","PVO 017-1 PVO 019","BTR for PVOs 0017-1 and PVO-019 the total amount of BTR 769,037.38","BTR for PVOs 0017-1 and PVO-019 the total amount of BTR 769,037.38 
-PVO-0017-1 (WF-016393) TB The Marina (031C10 MME) PVO 016 Design, supply and installation of fenders at RSMLI Asset SAR 498,022.00 

-PVO-0019 - (WF-016602) 1TB01031-AMA01031-RFC-000090 - Requirement for Topo Survey to Support Navigation Simulation SAR 271,015.38","2026-05-19","APPROVED","APPROVED","N","N","N"," -769037.38","769037.38","0.0","0.0","0.0","0.0","0.0","769037.38","0.0","0.0","0.0","0.0","0.0","0.0","0.0","0.0","769037.38","0.0","0.0","0.0","0.0","0.0","0.0","0.0","0.0","0.0","769037.38","0.0","0.0","0.0","769037.38","0.0","0.0","0.0","0.0","0.0","0.0","0.0","0.0","0.0","0.0","0.0","0.0","0.0","0.0","0.0","0.0","0.0","0.0","0.0","0.0","","","","","","","",""
"031C10-BTR-0018","PVO-013/DVO-013","this BTR for PVO-0013/DVO-003 initiate to return SAR 3,768.80 to budget hold.","this BTR for PVO-0013/DVO-003 initiate to return SAR 3,768.80 to budget hold. 

-PVO 013 - Add Fenders for Fixed Marina Decks (F, YCN, QDH, and A) 031C10-PVO-0013 - SAR 417,097.08 - 031C10-DVO-0013 SAR 413,328.28 - approved (initiate BTR to return -3,768.80 to BH)","2026-06-11","APPROVED","APPROVED","N","N","N"," -3768.8","3768.8","0.0","0.0","0.0","0.0","0.0","3768.8","0.0","0.0","0.0","0.0","0.0","0.0","0.0","0.0","3768.8","0.0","0.0","0.0","0.0","0.0","0.0","0.0","0.0","0.0","3768.8","0.0","0.0","0.0","3768.8","0.0","0.0","0.0","0.0","0.0","0.0","0.0","0.0","0.0","0.0","0.0","0.0","0.0","0.0","0.0","0.0","0.0","0.0","0.0","0.0","","","","","","","",""
"031C10-PVO-0001","AMA01031-WTRAN-007755 (WF-012123)","PVO 001 Revised GA, MEP and Landing Platforms for Pontoon System","PVO 001 Revised GA, MEP and Landing Platforms for Pontoon System

Reason for Proposed Variation Order
Amaala Design Team has optimized the Design Layout and implemented various amendments to the pontoon sizes, anchor system & MEP requirements. Following are some of the major optimizations done to the pontoon design and
General arrangement layout
1. Width of Pontoon Gangway: Adjustments to one gangway width in area CG
2. Removal of Finger Anchoring System: Removal of anchoring blocks and associated sea flex lines in Areas CG and F
3. WPC Decking System on The Walkway Pontoon: Change the pontoon walkway decking material to WPC in all areas in accordance with the landscape feedback and attached landscape drawing 1TB01100-002D03-FOS-00-GF-DWG-LS-10001
4. Reduction Number of Fingers: remove two floating fingers and associated guide piles and rails in Area B
5. Add Mooring Block: add one mooring block in Area B
6. Change Pontoon Anchoring System: in Areas VB-1, VB-2, VB-3, and VB-4, the change of pontoon anchoring system from contractor tender proposal (i.e., pile) to anchor blocks plus sea flex lines is conditionally accepted
7. Pedestals Specification and Associated MEP Arrangements: Change the pedestal specifications
8. Additional scope of Access platform structure ( Pile foundations are covered in the original contract )","2024-11-28","APPROVED","APPROVED","N","N","N"," -0.0","0.0","0.0","0.0","0.0","0.0","0.0","0.0","0.0","0.0","0.0","0.0"," -3284823.81"," -0.0","0.0"," -3284823.81","3284823.81","0.0"," -2088289.71","0.0"," -3284823.81","0.0","0.0","0.0","0.0","0.0","0.0","0.0","0.0","0.0","0.0","0.0","0.0","0.0","0.0","0.0","0.0","0.0","0.0","0.0","0.0","0.0","0.0","0.0","0.0","0.0"," -3284823.81","0.0","0.0","0.0"," -3284823.81","Potential Variation Order","","","","","","",""
"031C10-PVO-0002","AMA01031-WTRAN-011578 Final (WF-013342) - 1250624","PVO 002 - Provision of Shade Structure & Seating Arrangement at Area-B","PVO 001 - Provision of Shade Structure & Seating Arrangement at Area-B

Addition /Omission of Scope in Pontoon General Arrangement as per request from RSG Development team and Landscaping team: Landscaping team has provided new loacation and the design for the Shade Strucuture and Seating arrangement which has
impacted the cost allowance made as per design at tender stage.
Addition: Design, supply, and installation of a shade structure and seating arrangement at Area-B, based on new rquirement
Omission: Descoping of item-Q, Bill No.-3/Page-3 of the BOQ – design, supply, and installation of a shade structure to the walkway pontoon at the WTNE area.

PVO amount SAR 982,650.00","2025-05-03","APPROVED","APPROVED","N","N","N"," -0.0","0.0","0.0","0.0","0.0","0.0","0.0","0.0","0.0","0.0","0.0","0.0","140440.0","0.0","0.0","140440.0"," -140440.0","0.0","982650.0","0.0","140440.0","0.0","0.0","0.0","0.0","0.0","0.0","0.0","0.0","0.0","0.0","0.0","0.0","0.0","0.0","0.0","0.0","0.0","0.0","0.0","0.0","0.0","0.0","0.0","0.0","0.0","140440.0","0.0","0.0","0.0","140440.0","Potential Variation Order","","","","","","",""
"031C10-PVO-0003","AMA01031-WTRAN-012115 Final (WF-013477)/ 1250732","PVO 003 - Omit Pump-Out from Fuel Dispensers &Add Fuel Pipeline Scop","PVO 003 - Omit Pump-Out from Fuel Dispensers &Add Fuel Pipeline Scope

Addition /Omission of Scope as per Design and Development requirement:
Addition: (Currently not included in the Original Contract) This scope is to be assigned to the Pontoon- MEP contractor to ensure alignment with other utilities and avoid clashes during construction.
Design, Supply, Installation, Testing and Commissioning Fuel Piping works from Dispenser up to 20 meters from the fixed deck
Omission:
Remove the supply and installation of the Pump-Out 300 LPM system from the contractor’s scope.
It is confirmed by the Pontoon-MEP contractor that this pump-out system is not required within the fuel dispensers.

PVO amount SAR 89,422.11","2025-05-20","APPROVED","APPROVED","N","N","N"," -0.0","0.0","0.0","0.0","0.0","0.0","0.0","0.0","0.0","0.0","0.0","0.0"," -76879.08"," -0.0","0.0"," -76879.08","76879.08","0.0","89422.11","0.0"," -76879.08","0.0","0.0","0.0","0.0","0.0","0.0","0.0","0.0","0.0","0.0","0.0","0.0","0.0","0.0","0.0","0.0","0.0","0.0","0.0","0.0","0.0","0.0","0.0","0.0","0.0"," -76879.08","0.0","0.0","0.0"," -76879.08","Potential Variation Order","","","","","","",""
"031C10-PVO-0004","AMA01031-WTRAN-012355 Final (WF-013513)/1250760","PVO 004 - Utility Sleeves & Trenching on Capping Beam – Add Scope","PVO 004 - Utility Sleeves & Trenching on Capping Beam – Add Scope

A scope gap was identified during the procurement stage, where the following utility works were not captured under the original scope of the Marina Contractor (MME):
• Supply and installation of utility sleeves (containment) across key areas of the lower promenade
• Trenching works on top of the capping beam, including backfilling with marine-grade concrete
• Containment connections from existing inspection chambers to the following elements along the quay wall:
– SMDBs and FECs
– Wi-Fi pedestals
– PO pedestals
– Fire hose cabinets
– ELV services
These works are necessary to:
• Enable the MEP contractor to proceed with cable-pulling activities
• Provide timely clearance for the landscape contractor to begin their works
• Avoid abortive works and coordination delays at later stages

PVO amount SAR 1,563,673.33","2025-05-29","APPROVED","APPROVED","N","N","N"," -0.0","0.0","0.0","0.0","0.0","0.0","0.0","0.0","0.0","0.0","0.0","0.0","608374.68","0.0","0.0","608374.68"," -608374.68","0.0","1563673.33","0.0","608374.68","0.0","0.0","0.0","0.0","0.0","0.0","0.0","0.0","0.0","0.0","0.0","0.0","0.0","0.0","0.0","0.0","0.0","0.0","0.0","0.0","0.0","0.0","0.0","0.0","0.0","608374.68","0.0","0.0","0.0","608374.68","Potential Variation Order","","","","","","",""
"031C10-PVO-0005","AMA01031-WTRAN-012113 Final (WF-013511)/1250730","PVO 005 - Assigning Additional Scope of Floating Slipway to MME","PVO 005 - Assigning Additional Scope of Floating Slipway to MME

This is scope of work includes the design, supply, and installation of a floating slipway at the Marina Basin, enabling water sports activities. The facility is part of the WAMA Water Sports Centre and is introduced to support enhanced marine activity within the Marina Precinct.
This is scope includes the following key components:
1. Design & Engineering:
• Design of a floating slipway compatible with Marina Basin conditions and WAMA operational requirements.
2. Supply of Materials:
• Procurement of marine-grade components including pontoons, decking, and structural supports.
3. Installation & Integration:
• Installation of the floating slipway with full integration to existing pontoons and infrastructure.
• Coordination with nearby hotel assets to avoid disruption.
4. Marine & MEP Works:
• Anchorage, service connections, and safety compliance for water sports

PVO amount SAR 1,079,158.00","2025-05-20","APPROVED","APPROVED","N","N","N"," -0.0","0.0","0.0","0.0","0.0","0.0","0.0","0.0","0.0","0.0","0.0","0.0","725185.0","0.0","0.0","725185.0"," -725185.0","0.0","1079158.0","0.0","725185.0","0.0","0.0","0.0","0.0","0.0","0.0","0.0","0.0","0.0","0.0","0.0","0.0","0.0","0.0","0.0","0.0","0.0","0.0","0.0","0.0","0.0","0.0","0.0","0.0","0.0","725185.0","0.0","0.0","0.0","725185.0","Potential Variation Order","","","","","","",""
"031C10-PVO-0006","(WF-014415) 1TB01031-AMA01031-RFC-000074","Activation of Provisional Sum for Dock Carts & Storage Area - Change Decision Pack","Activation of Provisional Sum for Dock Carts & Storage Area - Change Decision Pack","2025-08-27","APPROVED","APPROVED","N","N","N"," -0.0","0.0","0.0","0.0","0.0","0.0","0.0","0.0","0.0","0.0","0.0","0.0"," -105668.0"," -0.0","0.0"," -105668.0","105668.0","0.0","0.0","0.0"," -105668.0","0.0","0.0","0.0","0.0","0.0","0.0","0.0","0.0","0.0","0.0","0.0","0.0","0.0","0.0","0.0","0.0","0.0","0.0","0.0","0.0","0.0","0.0","0.0","0.0","0.0"," -105668.0","0.0","0.0","0.0"," -105668.0","Potential Variation Order","","","","","","",""
"031C10-PVO-0007","AMA01031-WTRAN-015422 Final (WF-014405)/1251372","PVO 007 - Amendments, Modifications, Additions, and Alterations to Employer's Requirement and Design","This PVO instructs to proceed with the design, supply, and construction of specified amendments, modifications, additions, and alterations to the Employer’s requirements and approved design
drawings, specifications, and method statements, to the satisfaction of the Employer/Engineer.
Scope of Work includes:
1. Construction of two foundations for CCTV camera poles at fixed jetties (as per enclosed sketch).
2. Containment works for Pole No. 16 (Thermal Camera): 1 × 25 mm UPVC/HDPE connection to nearest manhole.
3. Containment works for Pole No. 07 (Cam 17/18/19): 3 × 25 mm UPVC/HDPE connections to nearest manhole.
4. Provision of 2 × 25 mm OD HDPE conduits for each Wi-Fi access point pedestal at fixed jetties and pontoons, with pull boxes from transition points at capping beam edges (tie-in with secondary
infrastructure).
5. SOS connection: 1 × 32 mm UPVC/HDPE to ICT manhole + 1 × 32 mm UPVC/HDPE to Electrical manhole.
6. Fuel Station: 2 × 25 mm UPVC/HDPE connections to nearest ICT manhole for fuel metering and monitoring.
7. Design, supply, and installation of an additional fuel line at Jetty-F, with fittings and tie-in to the existing line for a new 100 m superyacht.
8. Design, supply, and installation of 17 piles with precast concrete foundations at MLI and VC areas, including revetment reinstatement, due to interference from existing quay wall foundation rock.
9. Supply and delivery of 2 sets of 40 lm hoses for the black water system.
10. Design, supply, and installation of 34 Wi-Fi SS Pedestals.
All works shall be completed in full, tested, and commissioned (if applicable) in line with RSG operational requirements.","2025-09-07","APPROVED","APPROVED","N","N","N"," -0.0","0.0","0.0","0.0","0.0","0.0","0.0","0.0","0.0","0.0","0.0","0.0","2562818.59","0.0","0.0","2562818.59"," -2562818.59","0.0","3492806.17","0.0","2562818.59","0.0","0.0","0.0","0.0","0.0","0.0","0.0","0.0","0.0","0.0","0.0","0.0","0.0","0.0","0.0","0.0","0.0","0.0","0.0","0.0","0.0","0.0","0.0","0.0","0.0","2562818.59","0.0","0.0","0.0","2562818.59","Potential Variation Order","","","","","","",""
"031C10-PVO-0008","1TB01031-AMA01031-RFC-000075","Sacrificial Anode Installation on Pontoon Piles","As per the directives received from RSG-Marina Operations, the following change is to be implemented under the current Marina Floating Pontoon package:

1. Supply and installation of sacrificial anodes on the steel tubular pontoon piles.
Please note that this scope has been newly introduced as an addition to the originally tendered works and serves as an alternative to the previously proposed sand-filling solution.

Its urgent implementation is critical to allow the marina contractor sufficient time to procure the required sand and complete the pile filling activities in line with the overall project completion schedule.","2025-09-18","PLANNING","PLANNING","N","N","N"," -0.0","0.0","0.0","0.0","0.0","0.0","0.0","0.0","0.0","0.0","0.0","0.0","552595.2","0.0","0.0","552595.2"," -552595.2","0.0","552595.2","0.0","552595.2","0.0","0.0","0.0","0.0","0.0","0.0","0.0","0.0","0.0","0.0","0.0","0.0","0.0","0.0","0.0","0.0","0.0","0.0","0.0","0.0","0.0","0.0","0.0","0.0","0.0","0.0","0.0","0.0","0.0","0.0","Potential Variation Order","","","","","","",""
"031C10-PVO-0009","AMA01031-WTRAN-017187 Final (WF-014986)","PVO 009 - Activation of Provisional Sum the Navigational Aid -Marina","The following changes need to be implemented in the current marina floating pontoon package by activating the provisional sum for the design, supply, and installation of the navigational aid.

This involves the design, supply, and installation of 6 Nos. navigation aids (on poles with foundations) and 2 Nos. fixed beacons (floating type), including a navigation layout assessment (ATON study), all within the budget specified in BOQ/Bill-4/Item-C. These are intended to support channel management from the open water approach through the navigation channel and within the marina to serve the berthing facilities.

These modifications will enable the contractor to effectively integrate the specified requirements into the overall navigation and channel management.","2025-09-24","APPROVED","APPROVED","N","N","N"," -0.0","0.0","0.0","0.0","0.0","0.0","0.0","0.0","0.0","0.0","0.0","0.0"," -1141564.6"," -0.0","0.0"," -1141564.6","1141564.6","0.0"," -1141564.6","0.0"," -1141564.6","0.0","0.0","0.0","0.0","0.0","0.0","0.0","0.0","0.0","0.0","0.0","0.0","0.0","0.0","0.0","0.0","0.0","0.0","0.0","0.0","0.0","0.0","0.0","0.0","0.0"," -1141564.6","0.0","0.0","0.0"," -1141564.6","Potential Variation Order","","","","","","",""
"031C10-PVO-0010","AMA01031-WTRAN-016664 Final (WF-014907)/ 1251671","PVO 010 - Relocate & Install: Ladders, SOS pedestals– Marina Pontoons","As per directives from RSG Marina Operation and HSE, the following changes are to be implemented under the Marina Floating Pontoon package:
•	Relocate selected safety ladders at areas MLI, CG, E, D, C, B, and VB
•	Relocate selected SOS pedestals throughout the marina
•	Supply and Install grab chains at areas D, C, QDH, and PC
•	Supply and install an additional ladder on the slipway
•	Supply and install additional cleats at areas C, B, MLI, and VB

In addition to the above:
•	Supply, fabricate, and install GRP base plate supports for Wi-Fi pedestals across all areas of the walkway pontoon

The timely implementation of these changes is critical to allow the contractor sufficient time for procurement and execution, thereby ensuring alignment with the overall project schedule.","2025-10-08","APPROVED","APPROVED","N","N","N"," -0.0","0.0","0.0","0.0","0.0","0.0","0.0","0.0","0.0","0.0","0.0","0.0","104243.16","0.0","0.0","104243.16"," -104243.16","0.0","104243.16","0.0","0.0","0.0","0.0","0.0","0.0","0.0","0.0","0.0","0.0","0.0","0.0","0.0","0.0","0.0","0.0","0.0","0.0","0.0","0.0","0.0","0.0","0.0","0.0","0.0","0.0","0.0","104243.16","0.0","0.0","0.0","104243.16","Potential Variation Order","","","","","","",""
"031C10-PVO-0011","AMA01031-WTRAN-017188 Final (WF-014962)","PVO 011 - Implementation of Bilge Water System","In line with the directives issued by RSG Marina Operations, the following scope is to be incorporated under the Marina Floating Pontoon package:

Design, supply, and installation of a bilge water system.

The prompt implementation of this directive is imperative to allow the contractor adequate time for procurement and execution, thereby ensuring adherence to the overall project schedule.","2025-10-22","APPROVED","APPROVED","N","N","N"," -0.0","0.0","0.0","0.0","0.0","0.0","0.0","0.0","0.0","0.0","0.0","0.0","138986.0","0.0","0.0","138986.0"," -138986.0","0.0","138986.0","0.0","138986.0","0.0","0.0","0.0","0.0","0.0","0.0","0.0","0.0","0.0","0.0","0.0","0.0","0.0","0.0","0.0","0.0","0.0","0.0","0.0","0.0","0.0","0.0","0.0","0.0","0.0","138986.0","0.0","0.0","0.0","138986.0","Potential Variation Order","","","","","","",""
"031C10-PVO-0012","AMA01031-WTRAN-017648 Final (WF-015131)","PVO 012 - Addition of Five 20t Mooring Bollards on YCN Jetty","The following changes need to be implemented in the current marina floating pontoon package:

1. Design, supply, and install five (5) 20-t bollards/cleats on the rear side of Fixed Jetty YCN for berthing and mooring of 25-m yachts. Contractor may reposition the first 20-t bollard/cleat slightly toward the seaward side, if necessary, to avoid any clash with the gangway entrance.


This change is an additional scope that was incorporated into the General Layout very recently, after the completion of the Fixed Jetty YCN construction. It requires urgent implementation to enable the marina contractor to design, procure, and install it within the project completion milestone.


Please note that this change has been processed directly through EI-004 (AMA01031-WTRAN-016535).","2025-11-07","APPROVED","APPROVED","N","N","N"," -0.0","0.0","0.0","0.0","0.0","0.0","0.0","0.0","0.0","0.0","0.0","0.0","17500.0","0.0","0.0","17500.0"," -17500.0","0.0","17750.0","0.0","17500.0","0.0","0.0","0.0","0.0","0.0","0.0","0.0","0.0","0.0","0.0","0.0","0.0","0.0","0.0","0.0","0.0","0.0","0.0","0.0","0.0","0.0","0.0","0.0","0.0","0.0","17500.0","0.0","0.0","0.0","17500.0","Potential Variation Order","","","","","","",""
"031C10-PVO-0013","AMA01031-WTRAN-018156 Final (WF-015309)","PVO 013 - Add Fenders for Fixed Marina Decks (F, YCN, QDH, and A)","This scope involves the design, supply, and installation of additional fenders for Fixed Decks F, YCN, QDH, and A under the current marina floating pontoon package, as directed by RSG–Marina
Operations.
This change represents an additional scope introduced to enhance the protection of fixed decks and vessels during berthing and mooring operations. Although the jetties were originally designed to
accommodate berthing with superyacht self-balloon fenders, RSG–Operations has identified the need for fixed fenders to provide improved impact resistance, ensure safe and efficient docking, and
maintain compliance with luxury marina standards.
The implementation of this change is considered urgent, as it will allow the marina contractor to proceed with the design, procurement, and installation of the required fender systems immediately
after the targeted overall project completion milestone of 31 October 2025, ensuring the marina’s operational readiness and safeguarding both infrastructure and vessels from potential damage.","2025-11-24","APPROVED","APPROVED","N","N","N"," -0.0","0.0","0.0","0.0","0.0","0.0","0.0","0.0","0.0","0.0","0.0","0.0","413328.28","0.0","0.0","413328.28"," -413328.28","0.0","417097.08","0.0","413328.28","0.0","0.0","0.0","0.0","0.0","0.0","0.0","0.0","0.0","0.0","0.0","0.0","0.0","0.0","0.0","0.0","0.0","0.0","0.0","0.0","0.0","0.0","0.0","0.0","0.0","413328.28","0.0","0.0","0.0","413328.28","","","","","","","",""
"031C10-PVO-0015","AMA01031-WTRAN-020233","PVO 015 - Add Portable Peristaltic Pump for Marina Bilge Water System","This scope involves the incorporation of an additional scope under the Marina Floating Pontoon Package for the design, supply, and installation of one (1) Portable Peristaltic Pump as part of the marina’s bilge water system.
The requirement was identified at a later stage by the Contractor and is proposed to be included as a variation to the already issued DVO-009 . The additional pump is required to comply with directives issued by RSG Marina Operations
and to ensure the intended operational performance of the marina bilge water system across all pontoon sections.
This scope includes:
1. Design, supply, and installation of one (1) additional Portable Peristaltic Pump as part of the bilge water system.
2. Integration of the additional pump within the existing floating pontoon bilge water system to enhance operational reliability and flexibility during maintenance activities.","2026-01-31","APPROVED","APPROVED","N","N","N"," -0.0","0.0","0.0","0.0","0.0","0.0","0.0","0.0","0.0","0.0","0.0","0.0","102326.45","0.0","0.0","102326.45"," -102326.45","0.0","102326.45","0.0","0.0","0.0","0.0","0.0","0.0","0.0","0.0","0.0","0.0","0.0","0.0","0.0","0.0","0.0","0.0","0.0","0.0","0.0","0.0","0.0","0.0","0.0","0.0","0.0","0.0","0.0","102326.45","0.0","0.0","0.0","102326.45","Potential Variation Order","","","","","","",""
"031C10-PVO-0017","AMA01031-WTRAN-020996","PVO 017 -Amaala Marina Navigation MBES Survey.","This scope involves the commissioning of an independent Multibeam Echo Sounder (MBES) survey for the Amaala Marina to validate the Contractor’s as-built Bathymetric Survey and confirm compliance with the marina’s
navigational requirements.
The new work package for navigation simulation has been awarded to the consultant “M/s Royal Haskoning.” Recently. The consultant has stated that they require an independent multibeam bathymetric survey of the entire marina basin,
including the entrance channel, in accordance with their specifications.
The marine survey was already part of MME’s original scope of work; however, due to the revision in specifications and the increase in the area to be surveyed, there will be an additional cost impact, with no impact on time.
Following a technical review by Haskoning, it was concluded that the existing bathymetric datasets contain inconsistencies and cannot be relied upon for Navigation Simulation and Hydrodynamic Modelling. For a marina targeting the
Superyacht (80m+) and Megayacht (100m+) sector, such data ambiguity presents a significant operational, safety, and liability risk.
The independent MBES survey is required for the following reasons:
1.Squat and Under-Keel Clearance (Safety Critical)
Superyachts navigating confined channels experience “squat,” which is highly sensitive to water depth. A variation of 0.3m–0.5m may determine the difference between safe transit and grounding within simulation models. A definitive seabed
baseline compliant with IHO S-44 Special Order standards is therefore required for navigation sign-off.
2.Wave Transformation and Basin Tranquility (Design Critical)
Hydrodynamic and wave models rely on accurate seabed geometry to predict wave refraction and shoaling as waves approach the marina. Inaccurate bathymetry would compromise basin tranquility assessments and Real-Time Simulation
outputs.
3.Liability and Insurance
Navigational simulations act as the project’s Digital Twin for safety validation, pilot training, and channel approval. Use of uncertain data would result in qualified reports, potentially impacting insurance underwriting and Captain approvals.
Although a 65m superyacht has successfully maneuvered within the marina under ideal weather and occupancy conditions, this does not validate safe operations under adverse weather, varying occupancy levels, or confined vessel interaction.
Accordingly, commissioning an independent high-resolution MBES survey is considered a safety-critical requirement to eliminate data discrepancies and ensure operational, regulatory, and insurance compliance.","2026-03-10","APPROVED","APPROVED","N","N","N"," -0.0","0.0","0.0","0.0","0.0","0.0","0.0","0.0","0.0","0.0","0.0","0.0","195440.28","0.0","0.0","195440.28"," -195440.28","0.0","195440.28","0.0","0.0","0.0","0.0","0.0","0.0","0.0","0.0","0.0","0.0","0.0","0.0","0.0","0.0","0.0","0.0","0.0","0.0","0.0","0.0","0.0","0.0","0.0","0.0","0.0","0.0","0.0","195440.28","0.0","0.0","0.0","195440.28","Potential Variation Order","","","","","","",""
"031C10-PVO-0017-A","AMA01031-WTRAN-022195","PVO 017 Design, supply and installation of fenders at RSMLI Asset","PVO 017 Design, supply and installation of fenders at RSMLI Asset
This is an additional scope under RSMLI Asset to be awaerded to MME, due to its Marine construction capability.
Details: This is additional scope in accordance with the operational requirements. Additional fenders are proposed at the entrance of the submarine tunnel to protect against probable damage to the
submarine vessel due to accidental collisions at turns while entering the tunnel.
Background:
The Commercial team has approached SAB under the RSMLI Asset and MME under the Marina Asset to obtain competitive quotes for the said scope of work.
The following proposals were received:
Saudi Arabia Baytur(SAB) via its Subcontractor M/s Summit : SAR 4,032.617.00
Majestic Marine Engineering ( MME)= SAR 498,022.00
MME’s price is considerably lower than SAB’s, and considering its marine works capacity, it has an edge over SAB","2026-04-25","APPROVED","APPROVED","N","N","N"," -0.0","0.0","0.0","0.0","0.0","0.0","0.0","0.0","0.0","0.0","0.0","0.0","498022.0","0.0","0.0","498022.0"," -498022.0","0.0","498022.0","0.0","0.0","0.0","0.0","0.0","0.0","0.0","0.0","0.0","0.0","0.0","0.0","0.0","0.0","0.0","0.0","0.0","0.0","0.0","0.0","0.0","0.0","0.0","0.0","0.0","0.0","0.0","498022.0","0.0","0.0","0.0","498022.0","","","","","","","",""
"031C10-PVO-0019","AMA01031-WTRAN-022599","Requirement for Topo Survey to Support Navigation Simulation - Change Decision Pack","Requirement for Topo
Survey to Support Navigation Simulation - Change Decision Pack","2026-05-08","APPROVED","APPROVED","N","N","N"," -0.0","0.0","0.0","0.0","0.0","0.0","0.0","0.0","0.0","0.0","0.0","0.0","271015.38","0.0","0.0","271015.38"," -271015.38","0.0","271015.38","0.0","0.0","0.0","0.0","0.0","0.0","0.0","0.0","0.0","0.0","0.0","0.0","0.0","0.0","0.0","0.0","0.0","0.0","0.0","0.0","0.0","0.0","0.0","0.0","0.0","0.0","0.0","271015.38","0.0","0.0","0.0","271015.38","","","","","","","",""
"031C12-BTR-0001","PR 1240726","BTR for New Contract Award  (C12) - Alsaad - Fixed Jetty for a The Marina (to Main)","BTR for New Contract Award  (C12) - Alsaad General Contracting - Fixed Jetty for a The Marina at AMAALA.

Total Contract Value is SAR 34,336,101.82 including PS.

031C12-BTR-0001 Main Works SAR 28,197,905.29 from 1TB01031.01.CN.98 (CN BH) to 1TB01031.01.CN.031C12.00 (Main).

031C12-BTR-0002 PS Works SAR 6,138,196.53 from 1TB01031.01.CN.98 (CN BH)  to 1TB01031.01.CN.031C12.01 (PS).","2024-08-11","APPROVED","APPROVED","N","N","N"," -2.819790529E7","2.819790529E7","0.0","0.0","0.0","0.0","0.0","2.819790529E7","0.0","0.0","0.0","0.0","2.819790529E7","0.0","0.0","2.819790529E7","0.0","2.819790529E7","2.819790529E7","0.0","0.0","0.0","0.0","0.0","0.0","0.0","2.819790529E7","0.0","0.0","0.0","2.819790529E7","0.0","0.0","0.0","0.0","0.0","0.0","0.0","2.819790529E7","0.0","0.0","0.0","0.0","0.0","0.0","0.0","2.819790529E7","0.0","0.0","0.0","0.0","","","","","","","",""
"031C12-BTR-0002","PR 1240726","BTR for New Contract Award  (C12) - Alsaad - Fixed Jetty for a The Marina (to PS)","BTR for New Contract Award  (C12) - Alsaad General Contracting - Fixed Jetty for a The Marina at AMAALA.

Total Contract Value is SAR 34,336,101.82 including PS.

031C12-BTR-0001 Main Works SAR 28,197,905.29 from 1TB01031.01.CN.98 (CN BH) to 1TB01031.01.CN.031C12.00 (Main).

031C12-BTR-0002 PS Works SAR 6,138,196.53 from 1TB01031.01.CN.98 (CN BH)  to 1TB01031.01.CN.031C12.01 (PS).","2024-08-11","APPROVED","APPROVED","N","N","N"," -6138196.53","6138196.53","0.0","0.0","0.0","0.0","0.0","6138196.53","0.0","0.0","0.0","0.0","6138196.53","0.0","0.0","6138196.53","0.0","6138196.53","6138196.53","0.0","0.0","0.0","0.0","0.0","0.0","0.0","6138196.53","0.0","0.0","0.0","6138196.53","0.0","0.0","0.0","0.0","0.0","0.0","0.0","6138196.53","0.0","0.0","0.0","0.0","0.0","0.0","0.0","6138196.53","0.0","0.0","0.0","0.0","","","","","","","",""
"031C12-BTR-0003","PVO 01","BTR for PVO 001  -Utility Integration & Design Modifications for Fixed Deck","BTR for PVO 001  -Utility Integration & Design Modifications for Fixed Deck

BTR Amount SAR 727,527.53","2025-01-02","APPROVED","APPROVED","N","N","N"," -727527.53","727527.53","0.0","0.0","0.0","0.0","0.0","727527.53","0.0","0.0","0.0","0.0","727527.53","0.0","0.0","727527.53","0.0","727527.53","727527.53","0.0","0.0","0.0","0.0","0.0","0.0","0.0","727527.53","0.0","0.0","0.0","727527.53","0.0","0.0","0.0","0.0","0.0","0.0","0.0","727527.53","0.0","0.0","0.0","0.0","0.0","0.0","0.0","727527.53","0.0","0.0","0.0","0.0","","","","","","","",""
"031C12-BTR-0004","PVO 002","BTR for PVO 002 - Extension of dewatering discharge treatment at RSMLI","BTR for PVO 002 - Extension of dewatering discharge treatment at RSMLI

BTR Amount SAR 3,387,798.88","2025-02-09","APPROVED","APPROVED","N","N","Y"," -3387798.88","3387798.88","0.0","0.0","0.0","0.0","0.0","3387798.88","0.0","0.0","0.0","0.0","3387798.88","0.0","0.0","3387798.88","0.0","3387798.88","3387798.88","0.0","0.0","0.0","0.0","0.0","0.0","0.0","3387798.88","0.0","0.0","0.0","3387798.88","0.0","0.0","0.0","0.0","0.0","0.0","0.0","3387798.88","0.0","0.0","0.0","0.0","0.0","0.0","0.0","3387798.88","0.0","0.0","0.0","0.0","","","","","","","",""
"031C12-BTR-0005","PVO 1","BTR for cancellation of PVO 001  -Utility Integration & Design Modifications for Fixed Deck","BTR for cancellation of PVO 001  -Utility Integration & Design Modifications for Fixed Deck

Approved PVO value negative SAR 727,527.53 accordingly the amount was taken from the main account. now the PVO has been cancelled therefore this BTR initiated to transfer the amount from CN BH to vendor's account.","2025-05-22","APPROVED","APPROVED","N","N","N"," -727527.53","727527.53","0.0","0.0","0.0","0.0","0.0","727527.53","0.0","0.0","0.0","0.0","727527.53","0.0","0.0","727527.53","0.0","727527.53","727527.53","0.0","0.0","0.0","0.0","0.0","0.0","0.0","727527.53","0.0","0.0","0.0","727527.53","0.0","0.0","0.0","0.0","0.0","0.0","0.0","727527.53","0.0","0.0","0.0","0.0","0.0","0.0","0.0","727527.53","0.0","0.0","0.0","0.0","","","","","","","",""
"031C12-BTR-0006","PVO 3","BTR for PVO 03","BTR for PVO 03

BTR Amount SAR 846,949.72","2025-07-01","APPROVED","APPROVED","N","N","N"," -846949.72","846949.72","0.0","0.0","0.0","0.0","0.0","846949.72","0.0","0.0","0.0","0.0","846949.72","0.0","0.0","846949.72","0.0","846949.72","846949.72","0.0","0.0","0.0","0.0","0.0","0.0","0.0","846949.72","0.0","0.0","0.0","846949.72","0.0","0.0","0.0","0.0","0.0","0.0","0.0","846949.72","0.0","0.0","0.0","0.0","0.0","0.0","0.0","846949.72","0.0","0.0","0.0","0.0","","","","","","","",""
"031C12-BTR-0007","PVO 5","BTR for PVO 005 - SAR 4,413,260.38","BTR for PVO 005 - SAR 4,413,260.38","2025-07-31","APPROVED","APPROVED","N","N","N"," -4413260.38","4413260.38","0.0","0.0","0.0","0.0","0.0","4413260.38","0.0","0.0","0.0","0.0","4413260.38","0.0","0.0","4413260.38","0.0","4413260.38","4413260.38","0.0","0.0","0.0","0.0","0.0","0.0","0.0","4413260.38","0.0","0.0","0.0","4413260.38","0.0","0.0","0.0","0.0","0.0","0.0","0.0","4413260.38","0.0","0.0","0.0","0.0","0.0","0.0","0.0","4413260.38","0.0","0.0","0.0","0.0","","","","","","","",""
"031C12-BTR-0008","PVO 5","BTR for PVO 05 / DVO 03","BTR for PVO 05 / DVO 03

Approved PVO SAR 4,413,260.38. Now the Approved DVO value is SAR 3,945,389.74. Therefore SAR 467,870.64 transfer from Vo to Main","2025-08-21","APPROVED","APPROVED","N","N","N"," -467870.64","467870.64","0.0","0.0","0.0","0.0","0.0","467870.64","0.0","0.0","0.0","0.0","467870.64","0.0","0.0","467870.64","0.0","467870.64","467870.64","0.0","0.0","0.0","0.0","0.0","0.0","0.0","467870.64","0.0","0.0","0.0","467870.64","0.0","0.0","0.0","0.0","0.0","0.0","0.0","467870.64","0.0","0.0","0.0","0.0","0.0","0.0","0.0","467870.64","0.0","0.0","0.0","0.0","","","","","","","",""
"031C12-PVO-0001","AMA01031-WTRAN-008423 (WF-012384)","PVO 001  -Utility Integration & Design Modifications for Fixed Deck","PVO 001  -Utility Integration & Design Modifications for Fixed Deck

RSG Design team and Amaala Delivery team have optimized the design requirement of the Fixed jetty structure and modified the part of the design to meet the interface requirement of the MEP and adjacent structures, which includes
1.	Transition and realignment of utilities and service lines within the Fixed Deck to integrate with existing utilities at the Capping Beam.
2.	Supply and installation of additional piles in accordance with the final approved design.
3.	Installation of sleeves and ducts to facilitate future MEP utilities to be installed by others.
4.	Supply and installation of steel reinforcement rebars in compliance with the final structural drawings.
5.	Provision of additional design and engineering services to incorporate the above design modifications.
6.	Omission of the Rock Scour Protection works and relevant associated activities as part of the design optimization.","2024-12-23","CANCELLED","CANCELLED","N","N","N"," -0.0","0.0","0.0","0.0","0.0","0.0","0.0","0.0","0.0","0.0","0.0","0.0"," -727527.53"," -0.0","0.0"," -727527.53","727527.53","0.0"," -727527.53","0.0","0.0","0.0","0.0","0.0","0.0","0.0","0.0","0.0","0.0","0.0","0.0","0.0","0.0","0.0","0.0","0.0","0.0","0.0","0.0","0.0","0.0","0.0","0.0","0.0","0.0","0.0","0.0","0.0","0.0","0.0","0.0","Potential Variation Order","","","","","","",""
"031C12-PVO-0002","PR 1250157","PVO 002 - Extension of dewatering discharge treatment at RSMLI","PVO 002 - Extension of dewatering discharge treatment at RSMLI 

The previous EI-045 under the Marina Basin Contract (10207) was issued to provide dewatering discharge treatment for the RSMLI Asset until December 2025. However, based on a request from the RSMLI delivery team, the service needs to be extended until April 2025 due
to current delays with the assets. It is essential to continue the dewatering work until the end of April 2025 to ensure a dry workspace for the Grand Reveal of RSMLI. Given the critical timeline for the Grand Reveal, shutting down the dewatering system is not feasible, as it could
lead to significant damage.
This variation order will be issued under the Fixed Jetty Contract, which currently has a completion date of February 9, 2025. However, the contractor's current extension of time (EOT) claim will extend the completion date to May 20, 2025. Therefore, this variation order will not
impact the overall completion date of the project.
Key tasks include:
1. Continuing dewatering operations and ensuring compliance with environmental regulations.
2. Monitoring discharge quality.
This extension ensures project integrity, environmental compliance, and completion of critical activities.","2025-02-06","APPROVED","APPROVED","N","N","N"," -0.0","0.0","0.0","0.0","0.0","0.0","0.0","0.0","0.0","0.0","0.0","0.0","3387798.88","0.0","0.0","3387798.88"," -3387798.88","0.0","3387798.88","0.0","0.0","0.0","0.0","0.0","0.0","0.0","0.0","0.0","0.0","0.0","0.0","0.0","0.0","0.0","0.0","0.0","0.0","0.0","0.0","0.0","0.0","0.0","0.0","0.0","0.0","0.0","3387798.88","0.0","0.0","0.0","3387798.88","Potential Variation Order","","","","","","",""
"031C12-PVO-0003","1TB01031-AMA01031-RFC-000070/ 1250842","Extension of O&M of Dewatering Discharge Treatment at RSMLI","Al Saad owns the settling basin and treatment facility for dewatering discharge under Marina Asset. Al Saad has been awarded a VO to continue the dewatering discharge treatment services till April 2025, as specified in the approved RFC/VO reference AMA01031-RFC-000061. 

Dewatering services are required to be extended at the RSMLI location for an additional month until end May 2025, in accordance with the latest program of works. Therefore, an extension for Al Saad to continue its services is required.","2025-06-21","APPROVED","APPROVED","N","N","N"," -0.0","0.0","0.0","0.0","0.0","0.0","0.0","0.0","0.0","0.0","0.0","0.0","846949.72","0.0","0.0","846949.72"," -846949.72","0.0","846949.72","0.0","0.0","0.0","0.0","0.0","0.0","0.0","0.0","0.0","0.0","0.0","0.0","0.0","0.0","0.0","0.0","0.0","0.0","0.0","0.0","0.0","0.0","0.0","0.0","0.0","0.0","0.0","846949.72","0.0","0.0","0.0","846949.72","Potential Variation Order","","","","","","",""
"031C12-PVO-0005","AMA01031-WTRAN-014154 Final (WF-014122) /1251093","PVO 005 - Modifications and Amendments as per the Final Approved Design Drawings","In consideration of the Re-measure type of contract, any variances to the Contract Bill of Quantities (BOQ) quantities, inline with the final approved design drawing, entitle the Contractor to compensation in accordance with the unit
rates outlined in the contract. This compensation shall be provided following the remeasurement of the quantities and in accordance with any omissions or additional items as indicated in the final approved drawing. The net cost
impact is detailed in the attached Bill of Quantities. The modifications encompass several amendments and optimizations necessary to fulfill Marina Operational and ICT requirement .
Remeasurement of Original Scope of Work: ( + SAR 6.837M)
1.Supply and installation of the Fixed Jetty structure in accordance with the final approved design drawings issued by the Employer.
2.Supply and delivery of an additional 12 nos. of piles, including fabrication and coating as per the approved design and specifications.
Additional Scope of Work ( + SAR 3.713M
3.Transition and realignment of utilities and service lines within the Fixed Deck to ensure integration with existing services at the Capping Beam.
4.Supply and installation of utility/service sleeves, ducts, inserts, manholes, and manhole covers in accordance with approved utility drawings.
5.Installation of piles for the landing platform in line with the final approved design.
6.Provision of additional design and engineering services to reflect the scope modifications listed above.
8.Safe storage, transport, and installation of Employer’s free-issued marine furniture on the Quay Wall and Fixed Jetty, as per approved drawings.
Omissions: ( - SAR 6.138M)
7.Omission of Rock Scour Protection works and all related activities as part of a design optimization exercise.
Net Cost Impact : SAR 4.413 M (+)","2025-07-27","APPROVED","APPROVED","N","N","N"," -0.0","0.0","0.0","0.0","0.0","0.0","0.0","0.0","0.0","0.0","0.0","0.0","3945389.74","0.0","0.0","3945389.74"," -3945389.74","0.0","4413260.38","0.0","3945389.74","0.0","0.0","0.0","0.0","0.0","0.0","0.0","0.0","0.0","0.0","0.0","0.0","0.0","0.0","0.0","0.0","0.0","0.0","0.0","0.0","0.0","0.0","0.0","0.0","0.0","3945389.74","0.0","0.0","0.0","3945389.74","Potential Variation Order","","","","","","",""
"031C13-BTR-0001","PR 1241022","New Contract Award (C13) - Supreme Rubber LLC - Supply of Marine Furniture Package","New Contract Award (C13) - Supreme Rubber LLC - Supply of Marine Furniture Package

Amount SAR 434,800.00","2024-10-22","APPROVED","APPROVED","N","N","N"," -434800.0","434800.0","0.0","0.0","0.0","0.0","0.0","434800.0","0.0","0.0","0.0","0.0","434800.0","0.0","0.0","434800.0","0.0","434800.0","434800.0","0.0","0.0","0.0","0.0","0.0","0.0","0.0","434800.0","0.0","0.0","0.0","434800.0","0.0","0.0","0.0","0.0","0.0","0.0","0.0","434800.0","0.0","0.0","0.0","0.0","0.0","0.0","0.0","434800.0","0.0","0.0","0.0","0.0","","","","","","","",""
"031C15-BTR-0001","1250189","BTR for New contract Award (C15) - Elmar Marinas Khaleej LLC - ""Constructing Boardwalks & Jetties for Hijaz Island at Amaala Development""","BTR for New contract Award (C15) - Elmar Marinas Khaleej LLC - ""Constructing Boardwalks & Jetties for Hijaz Island at Amaala Development""

Total Contract Value SAR 18,399,900 including SAR 1,579,950 Provisional Sum

031C15-BTR-0001 Amount SAR  16,819,950.00 to Main Account
031C15-BTR-0002 Amount SAR  1,579,950 to Provisional Sum Account","2025-02-13","APPROVED","APPROVED","N","N","N"," -1.681995E7","1.681995E7","0.0","0.0","0.0","0.0","0.0","1.681995E7","0.0","0.0","0.0","0.0","1.681995E7","0.0","0.0","1.681995E7","0.0","1.681995E7","1.681995E7","0.0","0.0","0.0","0.0","0.0","0.0","0.0","1.681995E7","0.0","0.0","0.0","1.681995E7","0.0","0.0","0.0","0.0","0.0","0.0","0.0","1.681995E7","0.0","0.0","0.0","0.0","0.0","0.0","0.0","1.681995E7","0.0","0.0","0.0","0.0","","","","","","","",""
"031C15-BTR-0002","1250189","BTR for New contract Award (C15) - Elmar Marinas Khaleej LLC - ""Constructing Boardwalks & Jetties for Hijaz Island at Amaala Development""","BTR for New contract Award (C15) - Elmar Marinas Khaleej LLC - ""Constructing Boardwalks & Jetties for Hijaz Island at Amaala Development""

Total Contract Value SAR 18,399,900 including SAR 1,579,950 Provisional Sum

031C15-BTR-0001 Amount SAR  16,819,950.00 to Main Account
031C15-BTR-0002 Amount SAR  1,579,950 to Provisional Sum Account","2025-02-13","APPROVED","APPROVED","N","N","N"," -1579950.0","1579950.0","0.0","0.0","0.0","0.0","0.0","1579950.0","0.0","0.0","0.0","0.0","1579950.0","0.0","0.0","1579950.0","0.0","1579950.0","1579950.0","0.0","0.0","0.0","0.0","0.0","0.0","0.0","1579950.0","0.0","0.0","0.0","1579950.0","0.0","0.0","0.0","0.0","0.0","0.0","0.0","1579950.0","0.0","0.0","0.0","0.0","0.0","0.0","0.0","1579950.0","0.0","0.0","0.0","0.0","","","","","","","",""
"031C15-BTR-0003","PVO 001","BTR for PVO 001 - Supply and Installation of the Wave Monitoring Buoys","BTR for PVO 001 - Supply and Installation of the Wave Monitoring Buoys

BTR amount SAR 1,202,519.00","2025-05-21","APPROVED","APPROVED","N","N","N"," -1202519.0","1202519.0","0.0","0.0","0.0","0.0","0.0","1202519.0","0.0","0.0","0.0","0.0","1202519.0","0.0","0.0","1202519.0","0.0","1202519.0","1202519.0","0.0","0.0","0.0","0.0","0.0","0.0","0.0","1202519.0","0.0","0.0","0.0","1202519.0","0.0","0.0","0.0","0.0","0.0","0.0","0.0","1202519.0","0.0","0.0","0.0","0.0","0.0","0.0","0.0","1202519.0","0.0","0.0","0.0","0.0","","","","","","","",""
"031C15-BTR-0004","PVO 002","BTR for PVO 002","BTR for PVO 002 - Additional Scope Deck lights & MEP works on Hijaz Project


Amount SAR 1,198,363.00","2025-07-03","APPROVED","APPROVED","N","N","N"," -1198363.0","1198363.0","0.0","0.0","0.0","0.0","0.0","1198363.0","0.0","0.0","0.0","0.0","1198363.0","0.0","0.0","1198363.0","0.0","1198363.0","1198363.0","0.0","0.0","0.0","0.0","0.0","0.0","0.0","1198363.0","0.0","0.0","0.0","1198363.0","0.0","0.0","0.0","0.0","0.0","0.0","0.0","1198363.0","0.0","0.0","0.0","0.0","0.0","0.0","0.0","1198363.0","0.0","0.0","0.0","0.0","","","","","","","",""
"031C15-BTR-0005","PVO 001/ DVO 001","BTR for PVO 01 / DVO 01 - SAR 213,646.10","BTR for PVO 01 / DVO 01 - SAR 213,646.10 

PVO 001 SAR 1,202,519.00 and  DVO 01 SAR 988,872.90. Therefore SAR 213,646.10 transfer from VO to BH","2025-09-08","APPROVED","APPROVED","N","N","N"," -213646.1","213646.1","0.0","0.0","0.0","0.0","0.0","213646.1","0.0","0.0","0.0","0.0","213646.1","0.0","0.0","213646.1","0.0","213646.1","213646.1","0.0","0.0","0.0","0.0","0.0","0.0","0.0","213646.1","0.0","0.0","0.0","213646.1","0.0","0.0","0.0","0.0","0.0","0.0","0.0","213646.1","0.0","0.0","0.0","0.0","0.0","0.0","0.0","213646.1","0.0","0.0","0.0","0.0","","","","","","","",""
"031C15-BTR-0006","PVO 003","BTR for PVO 003 - Elmar","BTR for PVO 003","2025-10-08","APPROVED","APPROVED","N","N","N"," -1579950.0","1579950.0","0.0","0.0","0.0","0.0","0.0","1579950.0","0.0","0.0","0.0","0.0","1579950.0","0.0","0.0","1579950.0","0.0","1579950.0","1579950.0","0.0","0.0","0.0","0.0","0.0","0.0","0.0","1579950.0","0.0","0.0","0.0","1579950.0","0.0","0.0","0.0","0.0","0.0","0.0","0.0","1579950.0","0.0","0.0","0.0","0.0","0.0","0.0","0.0","1579950.0","0.0","0.0","0.0","0.0","","","","","","","",""
"031C15-BTR-0007","PVO 002/DVO 003","BTR for PVO-002/DVO-003 - Additional Scope Deck Lights & MEP Works on Hijaz Project","BTR for PVO-002/DVO-003 - Additional Scope Deck Lights & MEP Works on Hijaz Project:
Additional budget for PVO-002/DVO-003 = SAR 9,567.00; Revised from PVO-002 at SAR 1,198,363.00 to DVO-003 at SAR 1,207,930.00.
Therefore, this BTR has been raised to transfer SAR 9,567.00 from 1TB01031.01.CN.98 - CN Budget Hold to 1TB01031.01.CN.031C15.02 - EMC – Variations.","2025-12-18","APPROVED","APPROVED","N","N","N"," -9567.0","9567.0","0.0","0.0","0.0","0.0","0.0","9567.0","0.0","0.0","0.0","0.0","0.0","0.0","0.0","0.0","9567.0","0.0","0.0","0.0","0.0","0.0","0.0","0.0","0.0","0.0","9567.0","0.0","0.0","0.0","9567.0","0.0","0.0","0.0","0.0","0.0","0.0","0.0","0.0","0.0","0.0","0.0","0.0","0.0","0.0","0.0","0.0","0.0","0.0","0.0","0.0","","","","","","","",""
"031C15-BTR-0008","PVO 004","BTR for PVO-004 - Additional Scope as per End-User Requirements for Seaplane Jetty","This BTR has been raised for PVO-004 - Additional Scope as per End-User Requirements for Seaplane Jetty; SAR 4,987,056.90; to be transferred from 1TB01031.01.CN.98 - CN Budget Hold to 1TB01031.01.CN.031C15.02 - EMC - Variations","2025-12-18","APPROVED","APPROVED","N","N","N"," -4987056.9","4987056.9","0.0","0.0","0.0","0.0","0.0","4987056.9","0.0","0.0","0.0","0.0","0.0","0.0","0.0","0.0","4987056.9","0.0","0.0","0.0","0.0","0.0","0.0","0.0","0.0","0.0","4987056.9","0.0","0.0","0.0","4987056.9","0.0","0.0","0.0","0.0","0.0","0.0","0.0","0.0","0.0","0.0","0.0","0.0","0.0","0.0","0.0","0.0","0.0","0.0","0.0","0.0","","","","","","","",""
"031C15-BTR-0009","PVO 005","BTR for PVO-005 - Add Edge Protection at Hijaz Island","This BTR has been raised for PVO-005 - Add Edge Protection at Hijaz Island; SAR 912,600.00; to be transferred from 1TB01031.01.CN.98 - CN Budget Hold to 1TB01031.01.CN.031C15.02 - EMC - Variations","2025-12-18","APPROVED","APPROVED","N","N","N"," -912600.0","912600.0","0.0","0.0","0.0","0.0","0.0","912600.0","0.0","0.0","0.0","0.0","0.0","0.0","0.0","0.0","912600.0","0.0","0.0","0.0","0.0","0.0","0.0","0.0","0.0","0.0","912600.0","0.0","0.0","0.0","912600.0","0.0","0.0","0.0","0.0","0.0","0.0","0.0","0.0","0.0","0.0","0.0","0.0","0.0","0.0","0.0","0.0","0.0","0.0","0.0","0.0","","","","","","","",""
"031C15-BTR-0010","PVO 06","BTR for PVO 06 TB The Marina (031C15-EMC) PVO-006 - Additional Scope of Work related to Edge Protection Work at Marina Basin Area","PVO 06 TB The Marina (031C15-EMC) PVO-006 - Additional Scope of Work related to Edge Protection Work at Marina Basin Area SAR 1,574,248.84","2026-04-08","APPROVED","APPROVED","N","N","N"," -1574248.84","1574248.84","0.0","0.0","0.0","0.0","0.0","1574248.84","0.0","0.0","0.0","0.0","0.0","0.0","0.0","0.0","1574248.84","0.0","0.0","0.0","0.0","0.0","0.0","0.0","0.0","0.0","1574248.84","0.0","0.0","0.0","1574248.84","0.0","0.0","0.0","0.0","0.0","0.0","0.0","0.0","0.0","0.0","0.0","0.0","0.0","0.0","0.0","0.0","0.0","0.0","0.0","0.0","","","","","","","",""
"031C15-BTR-0011","PVO 07","BTR for PVO-0007 (WF-016280) TB The Marina (031C15 Elmar Marinas) PVO-007 - Design, Engineering and Construction of the Stairs for Non-Branded Villa","BTR for PVO-0007 (WF-016280) TB The Marina (031C15 Elmar Marinas) PVO-007 - Design, Engineering and Construction of the Stairs for Non-Branded Villa SAR 1,361,487.38","2026-05-04","APPROVED","APPROVED","N","N","N"," -1361487.38","1361487.38","0.0","0.0","0.0","0.0","0.0","1361487.38","0.0","0.0","0.0","0.0","0.0","0.0","0.0","0.0","1361487.38","0.0","0.0","0.0","0.0","0.0","0.0","0.0","0.0","0.0","1361487.38","0.0","0.0","0.0","1361487.38","0.0","0.0","0.0","0.0","0.0","0.0","0.0","0.0","0.0","0.0","0.0","0.0","0.0","0.0","0.0","0.0","0.0","0.0","0.0","0.0","","","","","","","",""
"031C15-BTR-0012","Returned to Budget hold","this BTR for PVO-004-DVO-05 initiate to return SAR 346,329.98 to budget hold.","this BTR for PVO-004-DVO-05 initiate to return SAR 346,329.98 to budget hold. 

PVO 004 - Additional End-User Requirements for Seaplane Jetty.

031C15-PVO-0004 - SAR 4,987,056.9 - 031C15-DVO-0005 - SAR 4,640,726.92 - approved (initiate BTR to return SAR 346,329.98 to budget hold)","2026-06-10","APPROVED","APPROVED","N","N","N"," -346329.98","346329.98","0.0","0.0","0.0","0.0","0.0","346329.98","0.0","0.0","0.0","0.0","0.0","0.0","0.0","0.0","346329.98","0.0","0.0","0.0","0.0","0.0","0.0","0.0","0.0","0.0","346329.98","0.0","0.0","0.0","346329.98","0.0","0.0","0.0","0.0","0.0","0.0","0.0","0.0","0.0","0.0","0.0","0.0","0.0","0.0","0.0","0.0","0.0","0.0","0.0","0.0","","","","","","","",""
"031C15-BTR-0013","PVO 08","BTR for PVO-008 - TB The Marina (031C15 Elmar Marinas) PVO 008 - Design, Engineering and Construction of the Seaplane Jetty at Nabatean Bay","PVO-008 - TB The Marina (031C15 Elmar Marinas) PVO 008 - Design, Engineering and Construction of the Seaplane Jetty at Nabatean Bay. the total amount if BTR SAR 5,414,361.81

This scope involves Design, engineering, and construction of a seaplane jetty, in accordance with the technical requirements and scope of work described in ANNEXURE 2.
Scope of works:
To support the use of Nabatean a guest handling facility is required. 3 options were presented with time, operational and cost impacts demonstrated. Option 3, a multipurpose jetty, as aligned with GCEO on
18th September 2025, is the recommended solution as it offers the most significant long-term benefits, a safer guest experience, optimized operational expenditure (OPEX), and the added value by providing a
shared with WAMA / Galaxea Services .","2026-07-13","APPROVED","APPROVED","N","N","N"," -5414361.81","5414361.81","0.0","0.0","0.0","0.0","0.0","5414361.81","0.0","0.0","0.0","0.0","0.0","0.0","0.0","0.0","5414361.81","0.0","0.0","0.0","0.0","0.0","0.0","0.0","0.0","0.0","5414361.81","0.0","0.0","0.0","5414361.81","0.0","0.0","0.0","0.0","0.0","0.0","0.0","0.0","0.0","0.0","0.0","0.0","0.0","0.0","0.0","0.0","0.0","0.0","0.0","0.0","","","","","","","",""
"031C15-BTR-0014","Returned to Budget hold","This BTR initiated to return SAR 928,402.33 back to BH.","This BTR initiated to return SAR 928,402.33 back to BH.

Marina - BTR Approved - 031C15-BTR-0010 - 031C15-PVO-0005 SAR 912,600 - 031C15-DVO-0006 - SAR 849,266.31 - approved (initiate BTR SAR 63,333.69 to return to BH)
-Marina - BTR Approved - 031C15-BTR-0011 - 031C15-PVO-0006 SAR 1,574,248.84 - 031C15-DVO-0004 - SAR 717,032.36 - approved (initiate BTR SAR 857,216.48 to return to BH)
-Marina - BTR Approved - 031C15-BTR-0013 - 031C15-PVO-0007 SAR 1,361,487.38 - 031C15-DVO-0007 - SAR 1,353,635.22 - approved (initiate BTR SAR 7,852.16 to return to BH).


the total BTR is SAR 928,402.33","2026-08-12","APPROVED","APPROVED","N","N","N"," -928402.33","928402.33","0.0","0.0","0.0","0.0","0.0","928402.33","0.0","0.0","0.0","0.0","0.0","0.0","0.0","0.0","928402.33","0.0","0.0","0.0","0.0","0.0","0.0","0.0","0.0","0.0","928402.33","0.0","0.0","0.0","928402.33","0.0","0.0","0.0","0.0","0.0","0.0","0.0","0.0","0.0","0.0","0.0","0.0","0.0","0.0","0.0","0.0","0.0","0.0","0.0","0.0","","","","","","","",""
"031C15-BTR-0015","PVO-09","BTR forPVO-009-(WF-017105) TB The Marina - Elmar Marinas (031C15-EMC) - PVO-009 - Supply, Operate, and Maintain the 15-20Pax-Passenger Boat from Seaplane Jetty to Hijaz Island. the total amount of SAR 89,815.00","PVO-009-(WF-017105) TB The Marina - Elmar Marinas (031C15-EMC) - PVO-009 - Supply, Operate, and Maintain the 15-20Pax-Passenger Boat from Seaplane Jetty to Hijaz Island. the total amount of SAR 89,815.00

-This scope involves Supply, Operate, and Maintain the 15-20Pax-Passenger Boat from Seaplane Jetty to Hijaz Island.
During the simulation period of the Nammos Hotel/Resorts, construction labourers will not be allowed to commute through the hotel areas and to Hijaz Island location; marine transport arrangements are
therefore required for their daily commute between the seaplane jetty and Hijaz Island. Accordingly, a passenger boat is required to be deployed for 30 days on a re-measurement basis from tentatively 01 July
2026 to 30 July 2026.","2026-08-17","APPROVED","APPROVED","N","N","N"," -89815.0","89815.0","0.0","0.0","0.0","0.0","0.0","89815.0","0.0","0.0","0.0","0.0","0.0","0.0","0.0","0.0","89815.0","0.0","0.0","0.0","0.0","0.0","0.0","0.0","0.0","0.0","89815.0","0.0","0.0","0.0","89815.0","0.0","0.0","0.0","0.0","0.0","0.0","0.0","0.0","0.0","0.0","0.0","0.0","0.0","0.0","0.0","0.0","0.0","0.0","0.0","0.0","","","","SAP Budget Transfer Not Required","","","",""
"031C15-BTR-0016","Returned to Budget hold","This BTR (initiate BTR SAR 832.78 back to budget hold)","This BTR (initiate BTR SAR 832.78 back to budget hold)

-the marina - BTR Approved - 031C15-PVO-0008 - SAR 5,414,361.81 -  031C15-DVO-0008 - SAR 5,413,529.03 - approved (initiate BTR SAR 832.78 back to BH","2026-09-10","POTENTIAL","POTENTIAL","N","N","N"," -832.78","832.78","0.0","0.0","0.0","0.0","0.0","832.78","0.0","0.0","0.0","0.0","0.0","0.0","0.0","0.0","832.78","0.0","0.0","0.0","0.0","832.78","0.0","0.0","0.0","832.78","0.0","0.0","0.0","0.0","0.0","0.0","0.0","0.0","0.0","0.0","0.0","0.0","0.0","0.0","0.0","0.0","0.0","0.0","0.0","0.0","0.0","0.0","0.0","0.0","0.0","","","","","","","",""
"031C15-PVO-0001","AMA01031-WTRAN-012114 Final (WF-013514)/1250731","PVO 001 - Supply and Installation of the Wave Monitoring Buoys","PVO 001 - Supply and Installation of the Wave Monitoring Buoys

This is scope involves the supply and installation of two wave monitoring buoys to support the feasibility study for seaplane runway operations at Hijaz Cove. The work includes procurement, offshore installation at designated locations, ensuring 24 months of operational
data access in compliance with RSG cybersecurity standards

PVO amount SAR 1,202,519.00","2025-05-20","APPROVED","APPROVED","N","N","N"," -0.0","0.0","0.0","0.0","0.0","0.0","0.0","0.0","0.0","0.0","0.0","0.0","988872.9","0.0","0.0","988872.9"," -988872.9","0.0","1202519.0","0.0","988872.9","0.0","0.0","0.0","0.0","0.0","0.0","0.0","0.0","0.0","0.0","0.0","0.0","0.0","0.0","0.0","0.0","0.0","0.0","0.0","0.0","0.0","0.0","0.0","0.0","0.0","988872.9","0.0","0.0","0.0","988872.9","Potential Variation Order","","","","","","",""
"031C15-PVO-0002","AMA01031-WTRAN-013215 Final (WF-013678)/1250887","PVO 002 - Additional Scope Deck lights & MEP works on Hijaz Project","PVO 002 - Additional Scope Deck lights & MEP works on Hijaz Project

This scope involves the inclusion of deck lighting and complete MEP (Mechanical, Electrical, and Plumbing) systems to meet the operational and safety requirements of the jetties and boardwalk at the Hijaz Project. These works
were originally excluded due to the lack of preliminary design at the tender stage but are now considered essential for functionality and compliance

Amount SAR 1,198,363.00","2025-07-01","APPROVED","APPROVED","N","N","N"," -0.0","0.0","0.0","0.0","0.0","0.0","0.0","0.0","0.0","0.0","0.0","0.0","1207930.0","0.0","0.0","1207930.0"," -1207930.0","0.0","1198363.0","0.0","1207930.0","0.0","0.0","0.0","0.0","0.0","0.0","0.0","0.0","0.0","0.0","0.0","0.0","0.0","0.0","0.0","0.0","0.0","0.0","0.0","0.0","0.0","0.0","0.0","0.0","0.0","1207930.0","0.0","0.0","0.0","1207930.0","Potential Variation Order","","","","","","",""
"031C15-PVO-0003","AMA01031-WTRAN-015921 Final (WF-014611)","PVO 003 - Activate Provisional Sum Public Jetty Construction (Seaplane Jetty)","This scope involves the activation of Provisional Sum Item No. 2.2 included in the Contract Bill of Quantities (BOQ) for the
Public Jetty Construction (Sea Plane Jetty).
The item was originally identified as a provisional sum during the tendering stage. Following confirmation from the Design and
Development team to proceed with this scope, the contractor is instructed to commence the associated
works.
Design, Supply and Install Public Jetty ( Seaplane Jetty): 1,579,950.00
Activate Provisional Sum Item 2.2-Public Jetty Construction (Seaplane Jetty): -1,579,950.00","2025-09-20","APPROVED","APPROVED","N","N","N"," -0.0","0.0","0.0","0.0","0.0","0.0","0.0","0.0","0.0","0.0","0.0","0.0","0.0","0.0","0.0","0.0","0.0","0.0","0.0","0.0","0.0","0.0","0.0","0.0","0.0","0.0","0.0","0.0","0.0","0.0","0.0","0.0","0.0","0.0","0.0","0.0","0.0","0.0","0.0","0.0","0.0","0.0","0.0","0.0","0.0","0.0","0.0","0.0","0.0","0.0","0.0","Potential Variation Order","","","","","","",""
"031C15-PVO-0004","AMA01031-WTRAN-018290 Final (WF-015365)","PVO 004 - Additional End-User Requirements for Seaplane Jetty","Addition of items to current contractor (Elmar) scope (to ensure compliance with all regulatory requirements and provide improved guest and operational experience). They were added after procurement in the form of ""end-user
requirements"" for the seaplane/ WAMA facility, which must be in place prior to handing over the facility, as below :
• Passenger holding area on dock.
• Crew rest shelter.
• Marker buoys.
• Signage.
• Lighting.
• Handrail.
• Gate.
• Floating platforms (around the boat and jet skis).
• Pedestals (for power and water supply, SOS pedestal).
• Vertical fenders (only horizontal fenders in current Elmar scope).
Further additional items :-
• Full CCTV Coverage: The Scope includes provision of CCTV coverage for the Sea-Plane Jetty as per the attached security layout. The work includes but not limited to camera poles and foundations, suitable day/night cameras compatible
with existing servers, network switches, VMS licenses, cabling, containment, terminations, testing, and commissioning.
• Access Control System for Gates: Provide an Access Control System for the Sea-Plane Jetty as per the attached security layout. The work includes access readers, controllers, door locks, power supplies, cabling, containment, terminations,
integration with the existing system, testing, and commissioning.
• Full Wi-Fi coverage which include all active and passive elements including but not limited to Wireless Access Points, Wi-Fi bollard, software licenses, CAT6A cabling, Fiber Optic Cabling, Field Equipment Cabinet (Network Switch & Patch
Panels), External duct under the bridge connecting to the Tie in manhole existing.
• Dock box to store some items.
• Fire caddy.
• Fire extinguisher.
• Wind direction indicator.
• Water aerodrome beacon","2025-12-01","APPROVED","APPROVED","N","N","N"," -0.0","0.0","0.0","0.0","0.0","0.0","0.0","0.0","0.0","0.0","0.0","0.0","4640726.92","0.0","0.0","4640726.92"," -4640726.92","0.0","4987056.9","0.0","4640726.92","0.0","0.0","0.0","0.0","0.0","0.0","0.0","0.0","0.0","0.0","0.0","0.0","0.0","0.0","0.0","0.0","0.0","0.0","0.0","0.0","0.0","0.0","0.0","0.0","0.0","4640726.92","0.0","0.0","0.0","4640726.92","Potential Variation Order","","","","","","",""
"031C15-PVO-0005","AMA01031-WTRAN-018416 Final (WF-015460)","PVO 005 - Add Edge Protection at Hijaz Island (Handrail & Buggy rail)","This scope involves the provision of barriers to VBH – Hijaz Island access boardwalk and jetty to prevent or mitigate fall risk. As a result of an internal, RSG, Amaala-wide fall risk/edge protection assessment, several areas have
been identified where fall risks require mitigation. This includes boardwalks and jetties to/on Hijaz Island.
The barrier comprises 2 parts:
1. Raising the kerb edge protection for buggy wheels.
2. Timber and rope pedestrian barrier at edges.
The locations and extent have been identified and detailed in the attached drawings/presentation.","2025-12-04","APPROVED","APPROVED","N","N","N"," -0.0","0.0","0.0","0.0","0.0","0.0","0.0","0.0","0.0","0.0","0.0","0.0","849266.31","0.0","0.0","849266.31"," -849266.31","0.0","912600.0","0.0","849266.31","0.0","0.0","0.0","0.0","0.0","0.0","0.0","0.0","0.0","0.0","0.0","0.0","0.0","0.0","0.0","0.0","0.0","0.0","0.0","0.0","0.0","0.0","0.0","0.0","0.0","849266.31","0.0","0.0","0.0","849266.31","Potential Variation Order","","","","","","",""
"031C15-PVO-0006","AMA01031-WTRAN-020156","PVO-006 - Additional Scope of Work related to Edge Protection Work at Marina Basin Area","PVO-006 - Additional Scope of Work related to Edge Protection Work at Marina Basin Area SAR 1574248.84.","2026-01-28","APPROVED","APPROVED","N","N","N"," -0.0","0.0","0.0","0.0","0.0","0.0","0.0","0.0","0.0","0.0","0.0","0.0","717032.36","0.0","0.0","717032.36"," -717032.36","0.0","1574248.84","0.0","717032.36","0.0","0.0","0.0","0.0","0.0","0.0","0.0","0.0","0.0","0.0","0.0","0.0","0.0","0.0","0.0","0.0","0.0","0.0","0.0","0.0","0.0","0.0","0.0","0.0","0.0","717032.36","0.0","0.0","0.0","717032.36","Potential Variation Order","","","","","","",""
"031C15-PVO-0007","AMA01031-WTRAN-021377","PVO-007 - Design, Engineering and Construction of the Stairs for Non-Branded Villa","PVO-007 - Design,
Engineering and Construction of the Stairs for Non-Branded Villa","2026-03-31","APPROVED","APPROVED","N","N","N"," -0.0","0.0","0.0","0.0","0.0","0.0","0.0","0.0","0.0","0.0","0.0","0.0","1353635.22","0.0","0.0","1353635.22"," -1353635.22","0.0","1361487.38","0.0","1353635.22","0.0","0.0","0.0","0.0","0.0","0.0","0.0","0.0","0.0","0.0","0.0","0.0","0.0","0.0","0.0","0.0","0.0","0.0","0.0","0.0","0.0","0.0","0.0","0.0","0.0","1353635.22","0.0","0.0","0.0","1353635.22","","","","","","","",""
"031C15-PVO-0008","AMA01031-WTRAN-023714","PVO 008 - Design, Engineering and Construction of the Seaplane Jetty at Nabatean Bay. the total amount if BTR SAR 5,414,361.81","PVO-008 - TB The Marina (031C15 Elmar Marinas) PVO 008 - Design, Engineering and Construction of the Seaplane Jetty at Nabatean Bay SAR 5,414,361.81

This scope involves Design, engineering, and construction of a seaplane jetty, in accordance with the technical requirements and scope of work described in ANNEXURE 2.
Scope of works:
To support the use of Nabatean a guest handling facility is required. 3 options were presented with time, operational and cost impacts demonstrated. Option 3, a multipurpose jetty, as aligned with GCEO on
18th September 2025, is the recommended solution as it offers the most significant long-term benefits, a safer guest experience, optimized operational expenditure (OPEX), and the added value by providing a
shared with WAMA / Galaxea Services .","2026-06-23","APPROVED","APPROVED","N","N","N"," -0.0","0.0","0.0","0.0","0.0","0.0","0.0","0.0","0.0","0.0","0.0","0.0","5413529.03","0.0","0.0","5413529.03"," -5413529.03","0.0","5414361.81","0.0","5413529.03","0.0","0.0","0.0","0.0","0.0","0.0","0.0","0.0","0.0","0.0","0.0","0.0","0.0","0.0","0.0","0.0","0.0","0.0","0.0","0.0","0.0","0.0","0.0","0.0","0.0","5413529.03","0.0","0.0","0.0","5413529.03","Potential Variation Order","","","","","","",""
"031C15-PVO-0009","AMA01031-WTRAN-025434","PVO-009 - Supply, Operate, and Maintain the 15-20Pax-Passenger Boat from Seaplane Jetty to Hijaz Island","PVO-009-(WF-017105) TB The Marina - Elmar Marinas (031C15-EMC) - PVO-009 - Supply, Operate, and Maintain the 15-20Pax-Passenger Boat from Seaplane Jetty to Hijaz Island. 

-This scope involves Supply, Operate, and Maintain the 15-20Pax-Passenger Boat from Seaplane Jetty to Hijaz Island.
During the simulation period of the Nammos Hotel/Resorts, construction labourers will not be allowed to commute through the hotel areas and to Hijaz Island location; marine transport arrangements are
therefore required for their daily commute between the seaplane jetty and Hijaz Island. Accordingly, a passenger boat is required to be deployed for 30 days on a re-measurement basis from tentatively 01 July
2026 to 30 July 2026.","2026-08-08","APPROVED","APPROVED","N","N","N"," -0.0","0.0","0.0","0.0","0.0","0.0","0.0","0.0","0.0","0.0","0.0","0.0","89815.0","0.0","0.0","89815.0"," -89815.0","0.0","89815.0","0.0","0.0","0.0","0.0","0.0","0.0","0.0","0.0","0.0","0.0","0.0","0.0","0.0","0.0","0.0","0.0","0.0","0.0","0.0","0.0","0.0","0.0","0.0","0.0","89815.0","0.0","0.0","89815.0","0.0","0.0","0.0","0.0","Potential Variation Order","","","","","","",""
"031C16-BTR-0001","1250185","7","BTR for Al Rajhi Takaful -  AMAALA - OCIP Premium Declaration 7 for the period 16 April to 15 July 2024

BTR Amount SAR  460,420.44","2025-02-16","APPROVED","APPROVED","N","N","N"," -460420.44","460420.44","0.0","0.0","0.0","0.0","0.0","460420.44","0.0","0.0","0.0","0.0","460420.44","0.0","0.0","460420.44","0.0","460420.44","460420.44","0.0","0.0","0.0","0.0","0.0","0.0","0.0","460420.44","0.0","0.0","0.0","460420.44","0.0","0.0","0.0","0.0","0.0","0.0","0.0","460420.44","0.0","0.0","0.0","0.0","0.0","0.0","0.0","460420.44","0.0","0.0","0.0","0.0","","","","","","","",""
"031C17-BTR-0001","","BTR for Amaala Owner Controlled Insurance Program (Al Rajhi Takaful)  - OCIP Premium Declaration 8 for July to October 2024","BTR for Amaala Owner Controlled Insurance Program (Al Rajhi Takaful)  - OCIP Premium Declaration 8 for July to October 2024

BTR amount SAR 72,603.69","2025-04-23","APPROVED","APPROVED","N","N","N"," -72603.69","72603.69","0.0","0.0","0.0","0.0","0.0","72603.69","0.0","0.0","0.0","0.0","72603.69","0.0","0.0","72603.69","0.0","72603.69","72603.69","0.0","0.0","0.0","0.0","0.0","0.0","0.0","72603.69","0.0","0.0","0.0","72603.69","0.0","0.0","0.0","0.0","0.0","0.0","0.0","72603.69","0.0","0.0","0.0","0.0","0.0","0.0","0.0","72603.69","0.0","0.0","0.0","0.0","","","","","","","",""
"031C17-BTR-0002","1251022","BTR for Amaala Owner Controlled Insurance Program (Al Rajhi Takaful)  - OCIP Premium Declaration 8 for July to October 2024 - Updated Invoice","BTR for Amaala Owner Controlled Insurance Program (Al Rajhi Takaful)  - OCIP Premium Declaration 8 for July to October 2024 - Updated Invoice

Amount SAR 129,144.94","2025-07-14","APPROVED","APPROVED","N","N","N"," -129144.94","129144.94","0.0","0.0","0.0","0.0","0.0","129144.94","0.0","0.0","0.0","0.0","129144.94","0.0","0.0","129144.94","0.0","129144.94","129144.94","0.0","0.0","0.0","0.0","0.0","0.0","0.0","129144.94","0.0","0.0","0.0","129144.94","0.0","0.0","0.0","0.0","0.0","0.0","0.0","129144.94","0.0","0.0","0.0","0.0","0.0","0.0","0.0","129144.94","0.0","0.0","0.0","0.0","","","","","","","",""
"031C21-BTR-0001","","BTR for OCIP Direct Payment no 10 The Marina, SAR 38,906.59","BTR has been raised for OCIP insurance Direct Payment no 10 The Marina, SAR 38,906.59, to be transferred from 1TB01031.01.CN.98-CN Budget Hold to 1TB01031.01.CN.031C21.00 - RJT","2026-05-05","APPROVED","APPROVED","N","N","N"," -38906.59","38906.59","0.0","0.0","0.0","0.0","0.0","38906.59","0.0","0.0","0.0","0.0","0.0","0.0","0.0","0.0","38906.59","0.0","0.0","0.0","0.0","0.0","0.0","0.0","0.0","0.0","38906.59","0.0","0.0","0.0","38906.59","0.0","0.0","0.0","0.0","0.0","0.0","0.0","0.0","0.0","0.0","0.0","0.0","0.0","0.0","0.0","0.0","0.0","0.0","0.0","0.0","","","","","","","",""
"031D03-BTR-0001","PVO 01","Budget Transfer from 1TB01031.01.PS.98 to 1TB01031.01.PS.031D03.02","Budget Transfer from 1TB01031.01.PS.98 to 1TB01031.01.PS.031D03.02","2022-07-10","APPROVED","APPROVED","N","N","N"," -3055922.0","3055922.0","0.0","0.0","0.0","0.0","0.0","3055922.0","0.0","0.0","0.0","0.0","3055922.0","0.0","0.0","3055922.0","0.0","3055922.0","3055922.0","0.0","0.0","0.0","0.0","0.0","0.0","0.0","3055922.0","0.0","0.0","0.0","3055922.0","0.0","0.0","0.0","0.0","0.0","0.0","0.0","3055922.0","0.0","0.0","0.0","0.0","0.0","0.0","0.0","3055922.0","0.0","0.0","0.0","0.0","","","","","","","",""
"031D03-BTR-0002","PVO 02","Budget Transfer from 1TB01031.01.PS.031D03.00 to 1TB01031.01.PS.98","The Budget Transfer is raised for approval to transfer the budget for the ""DVO 0002 - Provision of Accommodation for WSP Project Site Staff"" amounting to -SAR 1,440,363.00 (negative).

It is proposed to transfer the budget in the of SAR 1,440,363.00 from 1TB01031.01.PS.031D03.00 (WSP TB Marina Basin Supervision) to 1TB01031.01.PS.98 (PS Budget Hold).","2022-12-06","APPROVED","APPROVED","N","N","N"," -1440363.0","1440363.0","0.0","0.0","0.0","0.0","0.0","1440363.0","0.0","0.0","0.0","0.0","1440363.0","0.0","0.0","1440363.0","0.0","1440363.0","1440363.0","0.0","0.0","0.0","0.0","0.0","0.0","0.0","1440363.0","0.0","0.0","0.0","1440363.0","0.0","0.0","0.0","0.0","0.0","0.0","0.0","1440363.0","0.0","0.0","0.0","0.0","0.0","0.0","0.0","1440363.0","0.0","0.0","0.0","0.0","","","","","","","",""
"031D03-BTR-0003","PVO 04","Budget Transfer for WSP Additional Supervision Services (from 1TB01031.01.PS.98)","This Budget Transfer is raised for approval to transfer the budget for WSP Additional Supervision Services, as detailed on the attached DVO.
The total budget to be transferred for the DVO is in the amount of SAR 52,544.33, from 1TB01031.01.PS.98 – PS Budget Hold to 1TB01031.01.PS.031D03.02 – WSP – Variations.","2023-08-13","APPROVED","APPROVED","N","N","N"," -52544.33","52544.33","0.0","0.0","0.0","0.0","0.0","52544.33","0.0","0.0","0.0","0.0","52544.33","0.0","0.0","52544.33","0.0","52544.33","52544.33","0.0","0.0","0.0","0.0","0.0","0.0","0.0","52544.33","0.0","0.0","0.0","52544.33","0.0","0.0","0.0","0.0","0.0","0.0","0.0","52544.33","0.0","0.0","0.0","0.0","0.0","0.0","0.0","52544.33","0.0","0.0","0.0","0.0","","","","","","","",""
"031D03-BTR-0004","PVO 06","Budget Transfer for WSP Additional Supervision Services (from 1TB01031.01.PS.98)","This Budget Transfer is raised for approval to transfer the budget for WSP Additional Supervision Services, as detailed on the attached DVO. The total budget to be transferred for the DVO is in the amount of SAR 94,029.43 from 1TB01031.01.PS.98 – PS Budget Hold to 1TB01031.01.PS.031D03.02 – WSP – Variations.","2023-08-13","APPROVED","APPROVED","N","N","N"," -94029.43","94029.43","0.0","0.0","0.0","0.0","0.0","94029.43","0.0","0.0","0.0","0.0","94029.43","0.0","0.0","94029.43","0.0","94029.43","94029.43","0.0","0.0","0.0","0.0","0.0","0.0","0.0","94029.43","0.0","0.0","0.0","94029.43","0.0","0.0","0.0","0.0","0.0","0.0","0.0","94029.43","0.0","0.0","0.0","0.0","0.0","0.0","0.0","94029.43","0.0","0.0","0.0","0.0","","","","","","","",""
"031D03-BTR-0005","PVO 11","Budget Transfer for WSP Additional Supervision Services (from 1TB01031.01.PS.98)","This Budget Transfer is raised for approval to transfer the budget for WSP Additional Supervision Services, as detailed on the attached PVO. 

The total budget to be transferred for the PVO  is in the amount of SAR 700,459.45 from 1TB01031.01.PS.98 – PS Budget Hold to 1TB01031.01.PS.031D03.02 – WSP – Variations.

This will be charged from Alsaad's account","2024-02-21","APPROVED","APPROVED","N","N","N"," -700459.45","700459.45","0.0","0.0","0.0","0.0","0.0","700459.45","0.0","0.0","0.0","0.0","700459.45","0.0","0.0","700459.45","0.0","700459.45","700459.45","0.0","0.0","0.0","0.0","0.0","0.0","0.0","700459.45","0.0","0.0","0.0","700459.45","0.0","0.0","0.0","0.0","0.0","0.0","0.0","700459.45","0.0","0.0","0.0","0.0","0.0","0.0","0.0","700459.45","0.0","0.0","0.0","0.0","","","","","","","",""
"031D03-BTR-0006","PVO 08","Budget Transfer for PVO 008 WSP Additional Working Hours for ALS (from 1TB01031.01.PS.98)","This Budget Transfer is raised for PVO 008 WSP Additional Working Hours for ALS, as detailed on the attached PVO.

The total budget to be transferred for the PVO is in the amount of SAR 159,036.00 from 1TB01031.01.PS.98 – PS Budget Hold to1TB01031.01.PS.031D03.02 – WSP – Variations.","2023-08-07","CANCELLED","CANCELLED","N","N","N"," -159036.0","159036.0","0.0","0.0","0.0","0.0","0.0","159036.0","0.0","0.0","0.0","0.0","159036.0","0.0","0.0","159036.0","0.0","159036.0","159036.0","0.0","0.0","0.0","0.0","0.0","0.0","0.0","0.0","0.0","0.0","0.0","0.0","0.0","0.0","0.0","0.0","0.0","0.0","0.0","0.0","0.0","0.0","0.0","0.0","0.0","0.0","0.0","0.0","0.0","0.0","0.0","0.0","","","","","","","",""
"031D03-BTR-0007","PVO 12","Budget Transfer (PVO 12)  from 1TB01031.01.PS.031D03.00 to 1TB01031.01.PS.98","The Budget Transfer is raised for approval to transfer the budget for the ""PVO 0012 - ""Adjustment to Final Contract Value to Change in Contract from Lump to Remeasured"" amounting to -SAR 2,653,558.93 (negative).

It is proposed to transfer the budget in the of SAR 2,653,558.93 from 1TB01031.01.PS.031D03.00 (WSP TB Marina Basin Supervision) to 1TB01031.01.PS.98 (PS Budget Hold).","2024-05-30","APPROVED","APPROVED","N","N","N"," -2653558.93","2653558.93","0.0","0.0","0.0","0.0","0.0","2653558.93","0.0","0.0","0.0","0.0","2653558.93","0.0","0.0","2653558.93","0.0","2653558.93","2653558.93","0.0","0.0","0.0","0.0","0.0","0.0","0.0","2653558.93","0.0","0.0","0.0","2653558.93","0.0","0.0","0.0","0.0","0.0","0.0","0.0","2653558.93","0.0","0.0","0.0","0.0","0.0","0.0","0.0","2653558.93","0.0","0.0","0.0","0.0","","","","","","","",""
"031D03-BTR-0008","PVO 13 - P1","BTR for PVO 13  - Amendment to DVO-02 Accommodation Cost under WSP Contract","The Budget Transfer is raised for approval to transfer the budget for the PVO 0013.

It is proposed to transfer the budget in the of SAR 790,304.22 from 1TB01031.01.PS.98 (PS Budget Hold) to TB01031.01.PS.031D03.00 (WSP VO)","2024-08-13","APPROVED","APPROVED","N","N","N"," -790304.22","790304.22","0.0","0.0","0.0","0.0","0.0","790304.22","0.0","0.0","0.0","0.0","790304.22","0.0","0.0","790304.22","0.0","790304.22","790304.22","0.0","0.0","0.0","0.0","0.0","0.0","0.0","790304.22","0.0","0.0","0.0","790304.22","0.0","0.0","0.0","0.0","0.0","0.0","0.0","790304.22","0.0","0.0","0.0","0.0","0.0","0.0","0.0","790304.22","0.0","0.0","0.0","0.0","","","","","","","",""
"031D03-BTR-0009","PVO 13 - P2","BTR for PVO 13  - Amendment to DVO-02 Accommodation Cost under WSP Contract","The Budget Transfer is raised for approval to transfer the budget for the PVO 0013.

031D03-BTR-0008 has been transferred SAR 790,304.22 to WSP Variation from PS BH.

This BTR is raised for adjust the ACC alignment without adjusting the budget (BTR between WSP Variation to WSP Main Account) . 

This BTR SAR 790,304.22 from TB01031.01.PS.031D03.00 (WSP VO) to TB01031.01.PS.031D03.00 (WSP Main)","2024-09-03","APPROVED","APPROVED","N","N","N"," -790304.22","790304.22","0.0","0.0","0.0","0.0","0.0","790304.22","0.0","0.0","0.0","0.0","790304.22","0.0","0.0","790304.22","0.0","790304.22","790304.22","0.0","0.0","0.0","0.0","0.0","0.0","0.0","790304.22","0.0","0.0","0.0","790304.22","0.0","0.0","0.0","0.0","0.0","0.0","0.0","790304.22","0.0","0.0","0.0","0.0","0.0","0.0","0.0","790304.22","0.0","0.0","0.0","0.0","","","","","","","",""
"031D03-BTR-0010","PVO 14","BTR for PVO-014 - WSP Final Account Adjustment - TBCV Fees and NSCC Add Working Hours","The Budget Transfer is raised for approval to transfer the budget for the PVO 0014


This BTR SAR 583,142.34 from 1TB01031.01.PS.98 (PS BH) to TB01031.01.PS.031D03.00 (WSP VO)","2024-09-10","APPROVED","APPROVED","N","N","N"," -583142.34","583142.34","0.0","0.0","0.0","0.0","0.0","583142.34","0.0","0.0","0.0","0.0","583142.34","0.0","0.0","583142.34","0.0","583142.34","583142.34","0.0","0.0","0.0","0.0","0.0","0.0","0.0","583142.34","0.0","0.0","0.0","583142.34","0.0","0.0","0.0","0.0","0.0","0.0","0.0","583142.34","0.0","0.0","0.0","0.0","0.0","0.0","0.0","583142.34","0.0","0.0","0.0","0.0","","","","","","","",""
"031D03-BTR-0011","","BTR for FAS Adjustnment","BTR for FAS Adjustment","2024-12-08","APPROVED","APPROVED","N","N","N"," -0.1","0.1","0.0","0.0","0.0","0.0","0.0","0.1","0.0","0.0","0.0","0.0","0.1","0.0","0.0","0.1","0.0","0.1","0.1","0.0","0.0","0.0","0.0","0.0","0.0","0.0","0.1","0.0","0.0","0.0","0.1","0.0","0.0","0.0","0.0","0.0","0.0","0.0","0.1","0.0","0.0","0.0","0.0","0.0","0.0","0.0","0.1","0.0","0.0","0.0","0.0","","","","","","","",""
"031D03-BTR-XXX","Deleted","Deleted","Deleted","2024-03-28","PLANNING","PLANNING","N","N","N"," -0.0","0.0","0.0","0.0","0.0","0.0","0.0","0.0","0.0","0.0","0.0","0.0","0.0","0.0","0.0","0.0","0.0","0.0","0.0","0.0","0.0","0.0","0.0","0.0","0.0","0.0","0.0","0.0","0.0","0.0","0.0","0.0","0.0","0.0","0.0","0.0","0.0","0.0","0.0","0.0","0.0","0.0","0.0","0.0","0.0","0.0","0.0","0.0","0.0","0.0","0.0","","","","","","","",""
"031D03-PVO-0001","","Additional Supervision for Triple Piling","Additional Supervision for Triple Piling","2021-12-16","APPROVED","APPROVED","N","N","N"," -0.0","0.0","0.0","0.0","0.0","0.0","0.0","0.0","0.0","0.0","0.0","0.0","3055922.0","0.0","0.0","3055922.0"," -3055922.0","0.0","3055922.0","0.0","0.0","0.0","0.0","0.0","0.0","0.0","0.0","0.0","0.0","0.0","0.0","0.0","0.0","0.0","0.0","0.0","0.0","0.0","0.0","0.0","0.0","0.0","0.0","0.0","0.0","0.0","3055922.0","0.0","0.0","0.0","3055922.0","Potential Variation Order","","","","","","",""
"031D03-PVO-0002","VO-002","Provision of Accommodation to WSP Project Site Staff by AMAALA","This PVO is raised for approval due to the provision of accommodation to WSP Site Staff by AMAALA in the Construction Village.
The cost associated with this PVO equates to -SAR 1,440,363.00 (negative)","2022-08-10","APPROVED","APPROVED","N","N","N"," -0.0","0.0","0.0","0.0","0.0","0.0","0.0","0.0","0.0","0.0","0.0","0.0"," -1440363.0"," -0.0","0.0"," -1440363.0","1440363.0","0.0"," -1440363.0","0.0","0.0","0.0","0.0","0.0","0.0","0.0","0.0","0.0","0.0","0.0","0.0","0.0","0.0","0.0","0.0","0.0","0.0","0.0","0.0","0.0","0.0","0.0","0.0","0.0","0.0","0.0"," -1440363.0","0.0","0.0","0.0"," -1440363.0","Potential Variation Order","","","","","","",""
"031D03-PVO-0004","PR-1230726","WSP Extended Working Hours at RSMLI (NSCC)","This PVO is raised for approval  of DO 03 for Extended Working Hours at RSMLI for the NSCC Piling Works. This PVO is zero effect to AMAALA (Negative VO to NSCC and Positive VO to WSP)

The DVO value is SAR 52,544.33","2022-11-27","APPROVED","APPROVED","N","N","N"," -0.0","0.0","0.0","0.0","0.0","0.0","0.0","0.0","0.0","0.0","0.0","0.0","52544.33","0.0","0.0","52544.33"," -52544.33","0.0","55754.82","0.0","52544.33","0.0","0.0","0.0","0.0","0.0","0.0","0.0","0.0","0.0","0.0","0.0","0.0","0.0","0.0","0.0","0.0","0.0","0.0","0.0","0.0","0.0","0.0","0.0","0.0","0.0","52544.33","0.0","0.0","0.0","52544.33","Potential Variation Order","","","","","","",""
"031D03-PVO-0006","PR-1230727","WSP Extended Working Hours at TB Marina (Al Saad)","This PVO is raised for approval  of DVO 05 for Extended Working Hours at TB Marina for the Al Saad additional working hours. This PVO is zero effect to AMAALA (Negative VO to Al Saad and Positive VO to WSP)

The DVO value is SAR 94,029.43","2023-03-05","APPROVED","APPROVED","N","N","N"," -0.0","0.0","0.0","0.0","0.0","0.0","0.0","0.0","0.0","0.0","0.0","0.0","94029.43","0.0","0.0","94029.43"," -94029.43","0.0","94029.43","0.0","94029.43","0.0","0.0","0.0","0.0","0.0","0.0","0.0","0.0","0.0","0.0","0.0","0.0","0.0","0.0","0.0","0.0","0.0","0.0","0.0","0.0","0.0","0.0","0.0","0.0","0.0","94029.43","0.0","0.0","0.0","94029.43","Potential Variation Order","","","","","","",""
"031D03-PVO-0007","PR 1230868 (WSP)","PVO 007 WSP Additional Working Hours for NSCC","This PVO is raised for approval of WSP Extended Hours attending to NSCC's piling works under the WSP Contract.
The cost associated with this PVO equates to SAR 47,737.12. This will be contra charged to NSCC's account. In the meantime, it is proposed to fund this PVO from 1TB01031.01.PS.98 (The Marina-PS Budget Hold). Then a budget transfer from NSCC account to The Marina PS-Budget Hold will be carried out later on.","2023-08-03","CANCELLED","CANCELLED","N","N","N"," -0.0","0.0","0.0","0.0","0.0","0.0","0.0","0.0","0.0","0.0","0.0","0.0","47737.12","0.0","0.0","47737.12"," -47737.12","0.0","47737.12","0.0","0.0","0.0","0.0","0.0","0.0","0.0","0.0","0.0","0.0","0.0","0.0","0.0","0.0","0.0","0.0","0.0","0.0","0.0","0.0","0.0","0.0","0.0","0.0","0.0","0.0","0.0","0.0","0.0","0.0","0.0","0.0","Potential Variation Order","","","","","","",""
"031D03-PVO-0008","PR 1230869 (WSP)","PVO 008 WSP Additional Working Hours for ALS","This PVO is raised for approval of WSP Extended Hours attending to Alsaad works under the WSP Contract.
The cost associated with this PVO equates to SAR 159,036.00. This will be contra charged to Alsaad's account. In the meantime, it is proposed to fund this PVO from 1TB01031.01.PS.98 (The Marina-PS Budget Hold). Then a budget transfer from Alsaad account to The Marina PS-Budget Hold will be carried out later on.","2023-08-07","CANCELLED","CANCELLED","N","N","N"," -0.0","0.0","0.0","0.0","0.0","0.0","0.0","0.0","0.0","0.0","0.0","0.0","159036.0","0.0","0.0","159036.0"," -159036.0","0.0","159036.0","0.0","0.0","0.0","0.0","0.0","0.0","0.0","0.0","0.0","0.0","0.0","0.0","0.0","0.0","0.0","0.0","0.0","0.0","0.0","0.0","0.0","0.0","0.0","0.0","0.0","0.0","0.0","0.0","0.0","0.0","0.0","0.0","Potential Variation Order","","","","","","",""
"031D03-PVO-0011","PR 1240221 (WSP)","PVO 011 - WSP - Add SOW - Extended Working Hours Of Supervision for Al Saad by WSP (Feb-23 to Jan- 24)","This PVO is raised for approval of Add SOW - Extended Working Hours Of Supervision for Al Saad by WSP (Feb-23 to Jan- 24) under the WSP Contract.

The cost associated with this PVO equates to SAR 700,459.45. This will be contra charged to Alsaad's account. In the meantime, it is proposed to fund this PVO from 1TB01031.01.PS.98 (The Marina-PS Budget Hold).","2024-02-21","APPROVED","APPROVED","N","N","N"," -0.0","0.0","0.0","0.0","0.0","0.0","0.0","0.0","0.0","0.0","0.0","0.0","700459.45","0.0","0.0","700459.45"," -700459.45","0.0","700459.45","0.0","0.0","0.0","0.0","0.0","0.0","0.0","0.0","0.0","0.0","0.0","0.0","0.0","0.0","0.0","0.0","0.0","0.0","0.0","0.0","0.0","0.0","0.0","0.0","0.0","0.0","0.0","700459.45","0.0","0.0","0.0","700459.45","Potential Variation Order","","","","","","",""
"031D03-PVO-0012","PVO 12","PVO 012 - WSP - Adjustment to Final Contract Value to Change in Contract from Lump to Remeasured","This PVO is raised for approval of ""Adjustment to Final Contract Value to Change in Contract from Lump to Remeasured"" PVO under WSP Contract. 

The cost associated with this PVO equates to -SAR 2,653,558.93 (negative).","2024-05-30","APPROVED","APPROVED","N","N","N"," -0.0","0.0","0.0","0.0","0.0","0.0","0.0","0.0","0.0","0.0","0.0","0.0"," -2653558.83"," -0.0","0.0"," -2653558.83","2653558.83","0.0"," -2653558.83","0.0","0.0","0.0","0.0","0.0","0.0","0.0","0.0","0.0","0.0","0.0","0.0","0.0","0.0","0.0","0.0","0.0","0.0","0.0","0.0","0.0","0.0","0.0","0.0","0.0","0.0","0.0"," -2653558.83","0.0","0.0","0.0"," -2653558.83","Potential Variation Order","","","","","","",""
"031D03-PVO-0013","PR 1240747","PVO 13  - Amendment to DVO-02 Accommodation Cost under WSP Contract","This PVO is raised for approval of ""Amendment to DVO-02 Accommodation Cost under WSP Contract"" PVO under WSP Contract. 

The cost associated with this PVO equates to SAR 790,304.22","2024-08-12","APPROVED","APPROVED","N","N","N"," -0.0","0.0","0.0","0.0","0.0","0.0","0.0","0.0","0.0","0.0","0.0","0.0","790304.22","0.0","0.0","790304.22"," -790304.22","0.0","790304.22","0.0","0.0","0.0","0.0","0.0","0.0","0.0","0.0","0.0","0.0","0.0","0.0","0.0","0.0","0.0","0.0","0.0","0.0","0.0","0.0","0.0","0.0","0.0","0.0","0.0","0.0","0.0","790304.22","0.0","0.0","0.0","790304.22","Potential Variation Order","","","","","","",""
"031D03-PVO-0014","PR 1240872","PVO-014 - WSP Final Account Adjustment - TBCV Fees and NSCC Add Working Hours","This PVO is raised for approval of ""WSP Final Account Adjustment - TBCV Fees and NSCC Add Working Hours"" PVO under WSP Contract. 

The cost associated with this PVO equates to SAR 583,142.34","2024-09-10","APPROVED","APPROVED","N","N","N"," -0.0","0.0","0.0","0.0","0.0","0.0","0.0","0.0","0.0","0.0","0.0","0.0","583142.34","0.0","0.0","583142.34"," -583142.34","0.0","583142.34","0.0","0.0","0.0","0.0","0.0","0.0","0.0","0.0","0.0","0.0","0.0","0.0","0.0","0.0","0.0","0.0","0.0","0.0","0.0","0.0","0.0","0.0","0.0","0.0","0.0","0.0","0.0","583142.34","0.0","0.0","0.0","583142.34","Potential Variation Order","","","","","","",""
"031D04-BTR 0001","","Budget transfer To PS Budget Hold for FAS","Budget transfer from 1TB01031.01.PS.031D04.00 to 1TB01031.01.PS.98 - PS Budget Hold required for FAS","2022-07-25","APPROVED","APPROVED","N","N","N"," -242062.42","242062.42","0.0","0.0","0.0","0.0","0.0","242062.42","0.0","0.0","0.0","0.0","242062.42","0.0","0.0","242062.42","0.0","242062.42","242062.42","0.0","0.0","0.0","0.0","0.0","0.0","0.0","242062.42","0.0","0.0","0.0","242062.42","0.0","0.0","0.0","0.0","0.0","0.0","0.0","242062.42","0.0","0.0","0.0","0.0","0.0","0.0","0.0","242062.42","0.0","0.0","0.0","0.0","","","","","","","",""
"031D04-PVO 0001","FAS","Adjustment for the remaining of the Service agreement fees","Overall Adjustment of SAR 242,062.42 to align with Final Contract Price and Final Payment of 459,774.58 for TB Marina","2022-07-25","APPROVED","APPROVED","N","N","N"," -0.0","0.0","0.0","0.0","0.0","0.0","0.0","0.0","0.0","0.0","0.0","0.0"," -242062.41999999998"," -0.0","0.0"," -242062.41999999998","242062.41999999998","0.0"," -242062.41999999998","0.0","0.0","0.0","0.0","0.0","0.0","0.0","0.0","0.0","0.0","0.0","0.0","0.0","0.0","0.0","0.0","0.0","0.0","0.0","0.0","0.0","0.0","0.0","0.0","0.0","0.0","0.0"," -242062.41999999998","0.0","0.0","0.0"," -242062.41999999998","Potential Variation Order","","","","","","",""
"031D06-BTR-0001","1250665","BTR for New Contract Award (031D06) - Sydney Seaplanes Asia Limited - Appointment Of Seaplane Consultant To Carry Out Aerodrome Feasibilities","BTR for New Contract Award (031D06) - Sydney Seaplanes Asia Limited - Appointment Of Seaplane Consultant To Carry Out Aerodrome Feasibilities

Total Contract value is SAR  1,694,211.00 including 10,000.00 PS

031D06-BTR-0001 amount SAR 1,684,211.00 from PS BH to Main account

031D06-BTR-0002 amount SAR 10,000.00 from PS BH to Variation","2025-05-11","APPROVED","APPROVED","N","N","N"," -1684211.0","1684211.0","0.0","0.0","0.0","0.0","0.0","1684211.0","0.0","0.0","0.0","0.0","1684211.0","0.0","0.0","1684211.0","0.0","1684211.0","1684211.0","0.0","0.0","0.0","0.0","0.0","0.0","0.0","1684211.0","0.0","0.0","0.0","1684211.0","0.0","0.0","0.0","0.0","0.0","0.0","0.0","1684211.0","0.0","0.0","0.0","0.0","0.0","0.0","0.0","1684211.0","0.0","0.0","0.0","0.0","","","","","","","",""
"031D06-BTR-0002","1250665","BTR for New Contract Award (031D06) - Sydney Seaplanes Asia Limited - Appointment Of Seaplane Consultant To Carry Out Aerodrome Feasibilities","BTR for New Contract Award (031D06) - Sydney Seaplanes Asia Limited - Appointment Of Seaplane Consultant To Carry Out Aerodrome Feasibilities

Total Contract value is SAR  1,694,211.00 including 10,000.00 PS

031D06-BTR-0001 amount SAR 1,684,211.00 from PS BH to Main account

031D06-BTR-0002 amount SAR 10,000.00 from PS BH to Variation","2025-05-11","APPROVED","APPROVED","N","N","N"," -10000.0","10000.0","0.0","0.0","0.0","0.0","0.0","10000.0","0.0","0.0","0.0","0.0","10000.0","0.0","0.0","10000.0","0.0","10000.0","10000.0","0.0","0.0","0.0","0.0","0.0","0.0","0.0","10000.0","0.0","0.0","0.0","10000.0","0.0","0.0","0.0","0.0","0.0","0.0","0.0","10000.0","0.0","0.0","0.0","0.0","0.0","0.0","0.0","10000.0","0.0","0.0","0.0","0.0","","","","","","","",""
"031F02-BTR-0001","","BTR for New Contract Award (031F02) - KBD - Environmental Consultancy Services (Call off Order No: 012)","BTR for New Contract Award (031F02) - KBD - Environmental Consultancy Services (Call off Order No: 012)

Amount SAR 772,933.31","2025-06-23","APPROVED","APPROVED","N","N","N"," -772933.31","772933.31","0.0","0.0","0.0","0.0","0.0","772933.31","0.0","0.0","0.0","0.0","772933.31","0.0","0.0","772933.31","0.0","772933.31","772933.31","0.0","0.0","0.0","0.0","0.0","0.0","0.0","772933.31","0.0","0.0","0.0","772933.31","0.0","0.0","0.0","0.0","0.0","0.0","0.0","772933.31","0.0","0.0","0.0","0.0","0.0","0.0","0.0","772933.31","0.0","0.0","0.0","0.0","","","","","","","",""
"031F02-BTR-0002","PVO01","BTR for KAUST - PVO 001 - SAR 303,075.00","BTR for KAUST - PVO 001 - SAR 303,075.00","2025-09-03","APPROVED","APPROVED","N","N","N"," -303075.0","303075.0","0.0","0.0","0.0","0.0","0.0","303075.0","0.0","0.0","0.0","0.0","303075.0","0.0","0.0","303075.0","0.0","303075.0","303075.0","0.0","0.0","0.0","0.0","0.0","0.0","0.0","303075.0","0.0","0.0","0.0","303075.0","0.0","0.0","0.0","0.0","0.0","0.0","0.0","303075.0","0.0","0.0","0.0","0.0","0.0","0.0","0.0","303075.0","0.0","0.0","0.0","0.0","","","","","","","",""
"031F02-PVO-0001","AMA01031-WTRAN-014985 Final (WF-014317)/1251325","PVO 001 - Water Aerodrome ESIA - Additional Scope","This scope involves additional services under the ongoing Environmental and Social Impact Assessment (ESIA) for the Water Aerodrome Runway at TB–The Marina. The additional services include:
• Noise modelling for the newly introduced alternate (backup) runway.
• Ground-truthing marine survey for the alternate runway area.
These activities are required to reflect design updates that include separate takeoff and landing runways based on wind direction and regulatory compliance.
The additional scope is necessary to meet the regulatory requirements of the National Center for Environmental Compliance (NCEC) and to obtain the General Authority of Civil Aviation (GACA) permit in time. The work is time-sensitive
due to tight project schedules and permitting deadlines.","2025-08-22","APPROVED","APPROVED","N","N","N"," -0.0","0.0","0.0","0.0","0.0","0.0","0.0","0.0","0.0","0.0","0.0","0.0","303075.0","0.0","0.0","303075.0"," -303075.0","0.0","303075.0","0.0","0.0","0.0","0.0","0.0","0.0","0.0","0.0","0.0","0.0","0.0","0.0","0.0","0.0","0.0","0.0","0.0","0.0","0.0","0.0","0.0","0.0","0.0","0.0","0.0","0.0","0.0","303075.0","0.0","0.0","0.0","303075.0","Potential Variation Order","","","","","","",""
"031F03-BTR-0001","COO No 01","BTR for Contract Award Haskoning DHV – COO #1 Navigation Simulation Consultancy","This BTR has been raised for Contract Award - Haskoning DHV Saudia Engineering Consultancy Co – COO #1 Navigation Simulation Consultancy; SAR 877,537; to be transferred from 1TB01031.01.PS.98 - PS Budget Hold to 1TB01031.01.PS.031F03.00 - HDS.","2025-12-21","APPROVED","APPROVED","N","N","N"," -877537.0","877537.0","0.0","0.0","0.0","0.0","0.0","877537.0","0.0","0.0","0.0","0.0","0.0","0.0","0.0","0.0","877537.0","0.0","0.0","0.0","0.0","0.0","0.0","0.0","0.0","0.0","877537.0","0.0","0.0","0.0","877537.0","0.0","0.0","0.0","0.0","0.0","0.0","0.0","0.0","0.0","0.0","0.0","0.0","0.0","0.0","0.0","0.0","0.0","0.0","0.0","0.0","","","","","","","",""
"031F03-BTR-0002","","BTR for PVO - 0001 - (WF-016616) 1TB01031-AMA01031-RFC-000089 - Navigation Simulation Labs for Amaala Triple Bay Marina amount of SAR 290,000","BTR for PVO - 0001 - (WF-016616) 1TB01031-AMA01031-RFC-000089 - Navigation Simulation Labs for Amaala Triple Bay Marina amount of SAR 290,000","2026-05-19","APPROVED","APPROVED","N","N","N"," -290000.0","290000.0","0.0","0.0","0.0","0.0","0.0","290000.0","0.0","0.0","0.0","0.0","0.0","0.0","0.0","0.0","290000.0","0.0","0.0","0.0","0.0","0.0","0.0","0.0","0.0","0.0","290000.0","0.0","0.0","0.0","290000.0","0.0","0.0","0.0","0.0","0.0","0.0","0.0","0.0","0.0","0.0","0.0","0.0","0.0","0.0","0.0","0.0","0.0","0.0","0.0","0.0","","","","","","","",""
"031F03-PVO-0001","AMA01031-WTRAN-022600","PVO-0001 - Navigation Simulation Labs for Amaala Triple Bay Marina amount of SAR 290,000","PVO-0001 - (WF-016616) 1TB01031-AMA01031-RFC-000089 - Navigation Simulation Labs for Amaala Triple Bay Marina amount of SAR 290,000","2026-05-08","APPROVED","APPROVED","N","N","N"," -0.0","0.0","0.0","0.0","0.0","0.0","0.0","0.0","0.0","0.0","0.0","0.0","290000.0","0.0","0.0","290000.0"," -290000.0","0.0","290000.0","0.0","0.0","0.0","0.0","0.0","0.0","0.0","0.0","0.0","0.0","0.0","0.0","0.0","0.0","0.0","0.0","0.0","0.0","0.0","0.0","0.0","0.0","0.0","0.0","290000.0","0.0","0.0","290000.0","0.0","0.0","0.0","0.0","","","","","","","",""
"1TB01031.01.CN.98-BTR-0001","1TB00034-034000-AMA-BTR-CM-0001-00 (Step 1)","Inter Project Budget Transfer (Step 1) for Programme 4 Triple Bay Construction Logistics (from 1TB01031.01.CN.98 to 1TB04034.01.CN.98)","This Inter-Project Budget Transfer is raised for Programme 4 Triple Bay Construction Logistics, from each of the Triple Bay - Construction (CN) Budget Hold to 1TB04034.01.CN.98 - TB Logistics - Construction (CN) Budget Hold.","2022-08-10","APPROVED","APPROVED","N","N","N"," -2.124309194E7","2.124309194E7","0.0","0.0","0.0","0.0","0.0","2.124309194E7","0.0","0.0","0.0","0.0","2.124309194E7","0.0","0.0","2.124309194E7","0.0","2.124309194E7","2.124309194E7","0.0","0.0","0.0","0.0","0.0","0.0","0.0","2.124309194E7","0.0","0.0","0.0","2.124309194E7","0.0","0.0","0.0","0.0","0.0","0.0","0.0","2.124309194E7","0.0","0.0","0.0","0.0","0.0","0.0","0.0","2.124309194E7","0.0","0.0","0.0","0.0","","","","","","1.TB.04.034 - Triple Bay Construction Logistics","",""
"1TB01031.01.CN.98-BTR-0002","WF-005111 (1TB01031-031C02-AMA-BTR-CM-0001)","Inter Project Transfer (Step 4) for the Temporary access, Sea Barrier and working platform (Geo Bags)","Inter Project Transfer (Step 4) required for the Temporary access, Sea Barrier and working platform (Geo Bags) 

BTR from 1TB01005.01.CN.98 to 1TB01031.01.CN.98","2023-04-11","APPROVED","APPROVED","N","N","N"," -7715588.0","7715588.0","0.0","0.0","0.0","0.0","0.0","7715588.0","0.0","0.0","0.0","0.0","7715588.0","0.0","0.0","7715588.0","0.0","7715588.0","7715588.0","0.0","0.0","0.0","0.0","0.0","0.0","0.0","7715588.0","0.0","0.0","0.0","7715588.0","0.0","0.0","0.0","0.0","0.0","0.0","0.0","7715588.0","0.0","0.0","0.0","0.0","0.0","0.0","0.0","7715588.0","0.0","0.0","0.0","0.0","","","","","","","",""
"1TB01031.01.CN.98-BTR-0003","WF-000352 (1TB01006-006000-AMA-BTR-CM-0004)","Inter Project Transfer (Step 4) for Al Saad Contracting DVO for works done on the Hijaz Island Causeway","Inter Project Transfer (Step 4) for Al Saad Contracting DVO for works done on the Hijaz Island Causeway

BTR from 1TB01006.03.CN.98 to 1TB01031.01.CN.98","2023-04-16","APPROVED","APPROVED","N","N","N"," -3140195.0","3140195.0","0.0","0.0","0.0","0.0","0.0","3140195.0","0.0","0.0","0.0","0.0","3140195.0","0.0","0.0","3140195.0","0.0","3140195.0","3140195.0","0.0","0.0","0.0","0.0","0.0","0.0","0.0","3140195.0","0.0","0.0","0.0","3140195.0","0.0","0.0","0.0","0.0","0.0","0.0","0.0","3140195.0","0.0","0.0","0.0","0.0","0.0","0.0","0.0","3140195.0","0.0","0.0","0.0","0.0","","","","","","","",""
"1TB01031.01.CN.98-BTR-0004","WF-003511 (Doc No 1TB01005-005000-AMA-BTR-CM- 0005)","Inter Project Budget Transfer for variation DVO 11 under The Marina Project (Step 4)","Inter Project Budget Transfer for variation DVO 11 under The Marina Project

BTR from 1TB01005.01.CN.98 to 1TB01031.01.CN.98","2023-08-08","APPROVED","APPROVED","N","N","N"," -1248574.8","1248574.8","0.0","0.0","0.0","0.0","0.0","1248574.8","0.0","0.0","0.0","0.0","1248574.8","0.0","0.0","1248574.8","0.0","1248574.8","1248574.8","0.0","0.0","0.0","0.0","0.0","0.0","0.0","1248574.8","0.0","0.0","0.0","1248574.8","0.0","0.0","0.0","0.0","0.0","0.0","0.0","1248574.8","0.0","0.0","0.0","0.0","0.0","0.0","0.0","1248574.8","0.0","0.0","0.0","0.0","","","","","","","",""
"1TB01031.01.CN.98-BTR-0005","WF-015589 (1TB04004-004C02-AMABTR- CM-0029)","Inter Program Budget Transfer (Step 1) for Binyah PVO-058 Related Works (to 1TB04004.01.CN.004C02.02)","1 - This Budget Transfer is raised for approval to transfer budget for the Early Works (Binyah) Contract from Marina Quay Wall Asset for PVO 58 related works. SAR 9,791,105.68 ; as detailed on the following budget transfers:
2 - Works instructions issued under Binyah Contract.
3 - Works are subject to Re-Measurable basis.
4 - This approval workflow for an Inter Project Budget Transfer, will allow contract placement at 1TB04004.01.CN.004C02.02 BNA Variations. This BT workflow is not using the ACC automation. The ACC automation if actioned would require multiple separate approval workflows to action an Inter Project Budget Transfer. Upon approval to this workflow, the multiple ACC data entry actions are to be actioned by the Program Commercial Team. The PMIS Team are working on fixing the Inter Project Budget Transfer automation, since 8 January 2023.","2023-12-21","APPROVED","APPROVED","N","N","N"," -9791105.68","9791105.68","0.0","0.0","0.0","0.0","0.0","9791105.68","0.0","0.0","0.0","0.0","9791105.68","0.0","0.0","9791105.68","0.0","9791105.68","9791105.68","0.0","0.0","0.0","0.0","0.0","0.0","0.0","9791105.68","0.0","0.0","0.0","9791105.68","0.0","0.0","0.0","0.0","0.0","0.0","0.0","9791105.68","0.0","0.0","0.0","0.0","0.0","0.0","0.0","9791105.68","0.0","0.0","0.0","0.0","","","","","","1.TB.04.004 - Early Works","",""
"1TB01031.01.CN.98-BTR-0006","WF-024989 (1TB01006-006000-AMA-BTR-CM-0008)","Inter Project Budget Transfer of Uncommitted Budget Saving to Village Boutique Hotel (to 1TB01006.99.CN) (Step 1)","This Budget Transfer Request (BTR) seeks authorization to transfer SAR 33,000,000 to Program 1 - Village Boutique Hotel - Project Wide (control account ref. 1TB01006.99.CN). In support of this request, corresponding budget saving have been identified within Program 1 - The Marina (control account ref. 1TB01031.01.CN) and approval is sought to transfer this uncommitted and available budget to the Village Boutique Hotel Project.
In line with the attached EAC Summary the forecast EAC (Construction & FFEOSE) for the Village Boutique Hotel & Residential is SAR 1,105,267,717. This represents an Early Warning Variance of SAR 149,227,201 compared to current approved budget.
This BTR requests a transfer amount of SAR 33.0M to support forecasted commitment requirements up to end Mar-25. A summary breakdown of these forecast commitment is outlined in the attached presentation slides. As noted above, this BTR is proposed to be funded from identified budget savings from within Program 1 - Marina Project.","2025-03-03","APPROVED","APPROVED","N","N","N"," -3.3E7","3.3E7","0.0","0.0","0.0","0.0","0.0","3.3E7","0.0","0.0","0.0","0.0","3.3E7","0.0","0.0","3.3E7","0.0","3.3E7","3.3E7","0.0","0.0","0.0","0.0","0.0","0.0","0.0","3.3E7","0.0","0.0","0.0","3.3E7","0.0","0.0","0.0","0.0","0.0","0.0","0.0","3.3E7","0.0","0.0","0.0","0.0","0.0","0.0","0.0","3.3E7","0.0","0.0","0.0","0.0","","","","","","1.TB.01.006 - Village Boutique Hotel","",""
"1TB01031.01.CN.98-BTR-0007","","BTR for PVOs and DVOs","01 - 031C10 - MME Marine
- DVO 009 Neg DVO 1,141,564.60
- DVO 009  SAR 138,986.00 
- PVO 012 SAR 17,750.00 
- PVO 007 SAR 3,492,806.17 and DVO 06 SAR 2,562,818.59 
- PVO 004 SAR 1,563,673.33 and DVO 04 SAR 608,374.68 
- Net BTR amount SAR 129,885.17 to VO
- Net BTR amount SAR 2,870,114.83 to BH","2025-11-20","APPROVED","APPROVED","N","N","N"," -3000000.0","3000000.0","0.0","0.0","0.0","0.0","0.0","3000000.0","0.0","0.0","0.0","0.0","0.0","0.0","0.0","0.0","3000000.0","0.0","0.0","0.0","0.0","0.0","0.0","0.0","0.0","0.0","3000000.0","0.0","0.0","0.0","3000000.0","0.0","0.0","0.0","0.0","0.0","0.0","0.0","0.0","0.0","0.0","0.0","0.0","0.0","0.0","0.0","0.0","0.0","0.0","0.0","0.0","","","","","","","",""
"1TB01031.01.CN.98-BTR-0008","WF-015568 (1TB01031-031000-AMA-BTR-CM-0003 )","Inter Project Budget Transfer of SAR 32,095,974 from Program 1 - The Marina 1.TB.01.031 to Program 1 - Marina Village Wide1.TB.01.100 (Step 1)","Inter Project Budget Transfer of SAR 32,095,974 from Program 1 - The Marina 1.TB.01.031 to Program 1 - Marina Village Wide1.TB.01.100

Budget Transfer Request (BTR) of SAR 32,095,974 from Program 1 - The Marina 1.TB.01.031 to Program 1 - Marina Village Wide 1.TB.01.100 (see below tables for further details).
The total 'Current Approved Budget' for the Marina Village Wide project is SAR 497,809,267 . The Estimate At Completion (EAC) based on the remaining scope requirements is SAR 529,905,241 (refer to attached slides for further details).
To support these remaining scope requirements, this BTR requests a transfer amount of SAR 32,095,974 from Program 1 - The Marina Construction (CN) control account. It is confirmed that the proposed transfer amount from The Marina represents unutilized
budget and forecasted savings within this project. In addition, all utilised soft cost budget totalling SAR 23,517,281 within Marina Village Wide will be redistributed within the project to support the completion of the works.
A breakdown of the Marina Village Wide EAC and current budget variances is attached. It is noted that this Budget Transfer makes provision for the following additional services (1) SAR 4.3M for WAMA related works (structure & utilities) (2) SAR 16M for Marina
Village Artworks. All efforts remain focused on mitigating current forecasted budget variances required to complete the project.","2025-12-26","APPROVED","APPROVED","N","N","N"," -3.2095974E7","3.2095974E7","0.0","0.0","0.0","0.0","0.0","3.2095974E7","0.0","0.0","0.0","0.0","0.0","0.0","0.0","0.0","3.2095974E7","0.0","0.0","0.0","0.0","0.0","0.0","0.0","0.0","0.0","3.2095974E7","0.0","0.0","0.0","3.2095974E7","0.0","0.0","0.0","0.0","0.0","0.0","0.0","0.0","0.0","0.0","0.0","0.0","0.0","0.0","0.0","0.0","0.0","0.0","0.0","0.0","","","","","","","",""
"1TB01031.01.IAT.I-BTR-0001","WF-005111 (1TB01031-031C02-AMA-BTR-CM-0001)","Inter Project Transfer (Step 3) for the Temporary access, Sea Barrier and working platform (Geo Bags)","Inter Project Transfer (Step 3) required for the Temporary access, Sea Barrier and working platform (Geo Bags) 

BTR from 1TB01005.01.CN.98 to 1TB01031.01.CN.98","2023-04-11","APPROVED","APPROVED","N","N","N"," -0.0","0.0","0.0","0.0","7715588.0","0.0","0.0","7715588.0","7715588.0","0.0","0.0","0.0","0.0","0.0","0.0","0.0","7715588.0","0.0","0.0","0.0","0.0","0.0","0.0","0.0","0.0","0.0","0.0","7715588.0","0.0","0.0","7715588.0","0.0","0.0","0.0","0.0","0.0","0.0","0.0","0.0","0.0","0.0","0.0","0.0","0.0","0.0","0.0","0.0","0.0","0.0","0.0","0.0","","","","","","","",""
"1TB01031.01.IAT.I-BTR-0002","WF-000352 (1TB01006-006000-AMA-BTR-CM-0004)","Inter Project Transfer (Step 3) for Al Saad Contracting DVO for works done on the Hijaz Island Causeway","Inter Project Transfer (Step 3) for Al Saad Contracting DVO for works done on the Hijaz Island Causeway

BTR from 1TB01006.03.CN.98 to 1TB01031.01.CN.98","2023-04-16","APPROVED","APPROVED","N","N","N"," -0.0","0.0","0.0","0.0","3140195.0","0.0","0.0","3140195.0","3140195.0","0.0","0.0","0.0","0.0","0.0","0.0","0.0","3140195.0","0.0","0.0","0.0","0.0","0.0","0.0","0.0","0.0","0.0","0.0","3140195.0","0.0","0.0","3140195.0","0.0","0.0","0.0","0.0","0.0","0.0","0.0","0.0","0.0","0.0","0.0","0.0","0.0","0.0","0.0","0.0","0.0","0.0","0.0","0.0","","","","","","","",""
"1TB01031.01.IAT.I-BTR-0003","WF-003511 (Doc No 1TB01005-005000-AMA-BTR-CM- 0005)","Inter Project Budget Transfer for variation DVO 11 under The Marina Project (Step 3)","Inter Project Budget Transfer for variation DVO 11 under The Marina Project

BTR from 1TB01005.01.CN.98 to 1TB01031.01.CN.98","2023-08-08","APPROVED","APPROVED","N","N","N"," -0.0","0.0","0.0","0.0","1248574.8","0.0","0.0","1248574.8","1248574.8","0.0","0.0","0.0","0.0","0.0","0.0","0.0","1248574.8","0.0","0.0","0.0","0.0","0.0","0.0","0.0","0.0","0.0","0.0","1248574.8","0.0","0.0","1248574.8","0.0","0.0","0.0","0.0","0.0","0.0","0.0","0.0","0.0","0.0","0.0","0.0","0.0","0.0","0.0","0.0","0.0","0.0","0.0","0.0","","","","","","","",""
"1TB01031.01.IAT.I-BTR-0004","WF-003534 (Doc No 1TB01005-005000-AMA-BTRCM- 0007)","Inter Project Budget Transfer for NSCC DVO 03 under The Marina Project (Step 3)","Inter Project Budget Transfer for NSCC DVO 03 under The Marina Project
BTR from 1TB01005.01.CN.98 to 1TB01031.01.PS.98","2023-08-08","APPROVED","APPROVED","N","N","N"," -0.0","0.0","0.0","0.0","52544.33","0.0","0.0","52544.33","52544.33","0.0","0.0","0.0","0.0","0.0","0.0","0.0","52544.33","0.0","0.0","0.0","0.0","0.0","0.0","0.0","0.0","0.0","0.0","52544.33","0.0","0.0","52544.33","0.0","0.0","0.0","0.0","0.0","0.0","0.0","0.0","0.0","0.0","0.0","0.0","0.0","0.0","0.0","0.0","0.0","0.0","0.0","0.0","","","","","","","",""
"1TB01031.01.IAT.I-BTR-0005","WF-007222 (Doc No 1TB01005-005000-AMA-BTR-CM-0008","Inter Project Budget Transfer for Al Saad DVO 13 (Step 3&4)","Inter Project Budget Transfer for Al Saad DVO 13 (Step 3&4)
BTR from 1TB01005.01.CN.98 to 1TB01031.01.CN.98","2023-12-09","APPROVED","APPROVED","N","N","N"," -3661797.63","3661797.63","0.0","0.0","3661797.63","0.0","0.0","7323595.26","3661797.63","0.0","0.0","0.0","3661797.63","0.0","0.0","3661797.63","3661797.63","3661797.63","3661797.63","0.0","0.0","0.0","0.0","0.0","0.0","0.0","3661797.63","3661797.63","0.0","0.0","7323595.26","0.0","0.0","0.0","0.0","0.0","0.0","0.0","3661797.63","0.0","0.0","0.0","0.0","0.0","0.0","0.0","3661797.63","0.0","0.0","0.0","0.0","","","","","","","",""
"1TB01031.01.IAT.I-BTR-0006","WF-010228 Doc No 1TB01031-031D03-AMA-BTR-CM-0001","Inter Project Budget Transfer for Al Saad DVO 20 (Step 3&4)","Inter Project Budget Transfer for Al Saad DVO 20 (Step 3&4 )
BTR from 1TB01002.03.CN.98 to 1TB01031.01.CN.031C02.02 - Variations","2023-12-09","APPROVED","APPROVED","N","N","N"," -5237532.57","5237532.57","0.0","0.0","5237532.57","0.0","0.0","1.047506514E7","5237532.57","0.0","0.0","0.0","5237532.57","0.0","0.0","5237532.57","5237532.57","5237532.57","5237532.57","0.0","0.0","0.0","0.0","0.0","0.0","0.0","5237532.57","5237532.57","0.0","0.0","1.047506514E7","0.0","0.0","0.0","0.0","0.0","0.0","0.0","5237532.57","0.0","0.0","0.0","0.0","0.0","0.0","0.0","5237532.57","0.0","0.0","0.0","0.0","","","","","","","",""
"1TB01031.01.IAT.O-BTR-0001","1TB00034-034000-AMA-BTR-CM-0001-00 (Step 2)","Inter Project Budget Transfer (Step 2) for Programme 4 Triple Bay Construction Logistics (from 1TB01031.01.CN.98 to 1TB04034.01.CN.98)","This Inter-Project Budget Transfer is raised for Programme 4 Triple Bay Construction Logistics, from each of the Triple Bay - Construction (CN) Budget Hold to 1TB04034.01.CN.98 - TB Logistics - Construction (CN) Budget Hold.","2022-08-10","APPROVED","APPROVED","N","N","N"," -0.0","0.0","0.0","0.0"," -2.124309194E7"," -0.0","0.0"," -2.124309194E7"," -2.124309194E7","0.0","0.0","0.0","0.0","0.0","0.0","0.0"," -2.124309194E7","0.0","0.0","0.0","0.0","0.0","0.0","0.0","0.0","0.0","0.0"," -2.124309194E7"," -0.0","0.0"," -2.124309194E7","0.0","0.0","0.0","0.0","0.0","0.0","0.0","0.0","0.0","0.0","0.0","0.0","0.0","0.0","0.0","0.0","0.0","0.0","0.0","0.0","","","","","","1.TB.04.034 - Triple Bay Construction Logistics","",""
"1TB01031.01.IAT.O-BTR-0002","WF-000580 Doc No 1TB01100-100000-AMA-BTR-CM-0003","Inter Project Budget Transfer for Fosters DVO 14 (PART 3)","Inter Asset and Inter Project  Budget Transfer required for Fosters DVO 14 

Total DVO 14  is SAR 13,177,014.99 split into 002D13.02 SAR 9,586,773.11 and 006D06.02 SAR 3,590,241.88
BTR required from 1TB01031.01.CN.98 to 1TB01002.03.PS.002D13.02 SAR 1,526,692.22 and 1TB01006.03.PS.006D06.02 SAR 164,103.22","2023-07-10","APPROVED","APPROVED","N","N","N"," -1690795.44","1690795.44","0.0","0.0"," -1690795.44","0.0","0.0","0.0"," -1690795.44","0.0","0.0","0.0","1690795.44","0.0","0.0","1690795.44"," -1690795.44","1690795.44","1690795.44","0.0","0.0","0.0","0.0","0.0","0.0","0.0","1690795.44"," -1690795.44","0.0","0.0","0.0","0.0","0.0","0.0","0.0","0.0","0.0","0.0","1690795.44","0.0","0.0","0.0","0.0","0.0","0.0","0.0","1690795.44","0.0","0.0","0.0","0.0","","","","","","","",""
"1TB01031.01.IAT.O-BTR-0003","WF-014985 Doc No 1TB04004-004C02-AMA-BTR-CM-0025","Inter Program Budget Transfer for Binyah Variations (Step 1 & 2)","Inter Program Budget Transfer for Binyah Variations (Step 1 & 2)
BTR from 1TB01031.01.CN.98 to 1TB04004.01.CN.004C02.02","2023-11-16","APPROVED","APPROVED","N","N","N"," -2622854.0","2622854.0","0.0","0.0"," -2622854.0","0.0","0.0","0.0"," -2622854.0","0.0","0.0","0.0","2622854.0","0.0","0.0","2622854.0"," -2622854.0","2622854.0","2622854.0","0.0","0.0","0.0","0.0","0.0","0.0","0.0","2622854.0"," -2622854.0","0.0","0.0","0.0","0.0","0.0","0.0","0.0","0.0","0.0","0.0","2622854.0","0.0","0.0","0.0","0.0","0.0","0.0","0.0","2622854.0","0.0","0.0","0.0","0.0","","","","","","1.TB.04.004 - Early Works","",""
"1TB01031.01.IAT.O-BTR-0004","WF-015589 (1TB04004-004C02-AMABTR- CM-0029)","Inter Program Budget Transfer (Step 2) for Binyah PVO-058 Related Works (to 1TB04004.01.CN.004C02.02))","1 - This Budget Transfer is raised for approval to transfer budget for the Early Works (Binyah) Contract from Marina Quay Wall Asset for PVO 58 related works. SAR 9,791,105.68 ; as detailed on the following budget transfers:
2 - Works instructions issued under Binyah Contract.
3 - Works are subject to Re-Measurable basis.
4 - This approval workflow for an Inter Project Budget Transfer, will allow contract placement at 1TB04004.01.CN.004C02.02 BNA Variations. This BT workflow is not using the ACC automation. The ACC automation if actioned would require multiple separate approval workflows to action an Inter Project Budget Transfer. Upon approval to this workflow, the multiple ACC data entry actions are to be actioned by the Program Commercial Team. The PMIS Team are working on fixing the Inter Project Budget Transfer automation, since 8 January 2023.","2023-12-21","APPROVED","APPROVED","N","N","N"," -0.0","0.0","0.0","0.0"," -9791105.68"," -0.0","0.0"," -9791105.68"," -9791105.68","0.0","0.0","0.0","0.0","0.0","0.0","0.0"," -9791105.68","0.0","0.0","0.0","0.0","0.0","0.0","0.0","0.0","0.0","0.0"," -9791105.68"," -0.0","0.0"," -9791105.68","0.0","0.0","0.0","0.0","0.0","0.0","0.0","0.0","0.0","0.0","0.0","0.0","0.0","0.0","0.0","0.0","0.0","0.0","0.0","0.0","","","","","","1.TB.04.004 - Early Works","",""
"1TB01031.01.IAT.O-BTR-0005","WF-024989 (1TB01006-006000-AMA-BTR-CM-0008)","Inter Project Budget Transfer of Uncommitted Budget Saving to Village Boutique Hotel (to 1TB01006.99.CN) (Step 2)","This Budget Transfer Request (BTR) seeks authorization to transfer SAR 33,000,000 to Program 1 - Village Boutique Hotel - Project Wide (control account ref. 1TB01006.99.CN). In support of this request, corresponding budget saving have been identified within Program 1 - The Marina (control account ref. 1TB01031.01.CN) and approval is sought to transfer this uncommitted and available budget to the Village Boutique Hotel Project.
In line with the attached EAC Summary the forecast EAC (Construction & FFEOSE) for the Village Boutique Hotel & Residential is SAR 1,105,267,717. This represents an Early Warning Variance of SAR 149,227,201 compared to current approved budget.
This BTR requests a transfer amount of SAR 33.0M to support forecasted commitment requirements up to end Mar-25. A summary breakdown of these forecast commitment is outlined in the attached presentation slides. As noted above, this BTR is proposed to be funded from identified budget savings from within Program 1 - Marina Project.","2025-03-03","APPROVED","APPROVED","N","N","N"," -0.0","0.0","0.0","0.0"," -3.3E7"," -0.0","0.0"," -3.3E7"," -3.3E7","0.0","0.0","0.0","0.0","0.0","0.0","0.0"," -3.3E7","0.0","0.0","0.0","0.0","0.0","0.0","0.0","0.0","0.0","0.0"," -3.3E7"," -0.0","0.0"," -3.3E7","0.0","0.0","0.0","0.0","0.0","0.0","0.0","0.0","0.0","0.0","0.0","0.0","0.0","0.0","0.0","0.0","0.0","0.0","0.0","0.0","","","","","TB-Village Boutique Hotel>1TB01006.99.CN.98>Budget Hold","1.TB.01.006 - Village Boutique Hotel","",""
"1TB01031.01.IAT.O-BTR-0006","WF-013048 (1TB01031- 031000-AMABTR- CM-0002)","Inter Project Budget Transfer from 1TB01031.01.CN to 1TB01006.03.FFEOSE for FF&E and OS&E for the Nammos Village Boutique Hotel (Step 1&2)","Inter Project Budget Transfer from 1TB01031.01.CN to 1TB01006.03.FFEOSE for FF&E and OS&E for the Nammos Village Boutique Hotel as per RFA Ref. 1TB01006C49 dated 26-Dec-2024.","2025-04-08","APPROVED","APPROVED","N","N","N"," -1.8567065E7","1.8567065E7","0.0","0.0"," -1.8567065E7","0.0","0.0","0.0"," -1.8567065E7","0.0","0.0","0.0","1.8567065E7","0.0","0.0","1.8567065E7"," -1.8567065E7","1.8567065E7","1.8567065E7","0.0","0.0","0.0","0.0","0.0","0.0","0.0","1.8567065E7"," -1.8567065E7","0.0","0.0","0.0","0.0","0.0","0.0","0.0","0.0","0.0","0.0","1.8567065E7","0.0","0.0","0.0","0.0","0.0","0.0","0.0","1.8567065E7","0.0","0.0","0.0","0.0","","","","","TB-Village Boutique Hotel>1TB01006.03.FFEOSE.98>Budget Hold","1.TB.01.006 - Village Boutique Hotel","",""
"1TB01031.01.IAT.O-BTR-0007","WF-015568 (1TB01031-031000-AMA-BTR-CM-0003 )","Inter Project Budget Transfer of SAR 32,095,974 from Program 1 - The Marina 1.TB.01.031 to Program 1 - Marina Village Wide1.TB.01.100 (Step 2)","Inter Project Budget Transfer of SAR 32,095,974 from Program 1 - The Marina 1.TB.01.031 to Program 1 - Marina Village Wide1.TB.01.100

Budget Transfer Request (BTR) of SAR 32,095,974 from Program 1 - The Marina 1.TB.01.031 to Program 1 - Marina Village Wide 1.TB.01.100 (see below tables for further details).
The total 'Current Approved Budget' for the Marina Village Wide project is SAR 497,809,267 . The Estimate At Completion (EAC) based on the remaining scope requirements is SAR 529,905,241 (refer to attached slides for further details).
To support these remaining scope requirements, this BTR requests a transfer amount of SAR 32,095,974 from Program 1 - The Marina Construction (CN) control account. It is confirmed that the proposed transfer amount from The Marina represents unutilized
budget and forecasted savings within this project. In addition, all utilised soft cost budget totalling SAR 23,517,281 within Marina Village Wide will be redistributed within the project to support the completion of the works.
A breakdown of the Marina Village Wide EAC and current budget variances is attached. It is noted that this Budget Transfer makes provision for the following additional services (1) SAR 4.3M for WAMA related works (structure & utilities) (2) SAR 16M for Marina
Village Artworks. All efforts remain focused on mitigating current forecasted budget variances required to complete the project.","2025-12-26","APPROVED","APPROVED","N","N","N"," -0.0","0.0","0.0","0.0"," -3.2095974E7"," -0.0","0.0"," -3.2095974E7"," -3.2095974E7","0.0","0.0","0.0","0.0","0.0","0.0","0.0"," -3.2095974E7","0.0","0.0","0.0","0.0","0.0","0.0","0.0","0.0","0.0","0.0"," -3.2095974E7"," -0.0","0.0"," -3.2095974E7","0.0","0.0","0.0","0.0","0.0","0.0","0.0","0.0","0.0","0.0","0.0","0.0","0.0","0.0","0.0","0.0","0.0","0.0","0.0","0.0","","","","","","1.TB.01.100 - Marina Village - Wide","",""
"1TB01031.01.PS.98-BTR-0001","WF-003534 (Doc No 1TB01005-005000-AMA-BTRCM- 0007)","Inter Project Budget Transfer for NSCC DVO 03 under The Marina Project (Step 4)","Inter Project Budget Transfer for NSCC DVO 03 under The Marina Project
BTR from 1TB01005.01.CN.98 to 1TB01031.01.PS.98","2023-08-08","APPROVED","APPROVED","N","N","N"," -52544.33","52544.33","0.0","0.0","0.0","0.0","0.0","52544.33","0.0","0.0","0.0","0.0","52544.33","0.0","0.0","52544.33","0.0","52544.33","52544.33","0.0","0.0","0.0","0.0","0.0","0.0","0.0","52544.33","0.0","0.0","0.0","52544.33","0.0","0.0","0.0","0.0","0.0","0.0","0.0","52544.33","0.0","0.0","0.0","0.0","0.0","0.0","0.0","52544.33","0.0","0.0","0.0","0.0","","","","","","","",""
